Path,Problem,Format,Dataset,Best known solution value,Best known bound
queiroga2020/Capacity20/10/10J_s10_r10/1.dat,batchschedulingtotalweightedtardiness,queiroga2020,queiroga2020,404,404
queiroga2020/Capacity20/10/10J_s10_r10/2.dat,batchschedulingtotalweightedtardiness,queiroga2020,queiroga2020,186,186
queiroga2020/Capacity20/10/10J_s10_r10/3.dat,batchschedulingtotalweightedtardiness,queiroga2020,queiroga2020,209,209
queiroga2020/Capacity20/10/10J_s10_r10/4.dat,batchschedulingtotalweightedtardiness,queiroga2020,queiroga2020,186,186
queiroga2020/Capacity20/10/10J_s10_r10/5.dat,batchschedulingtotalweightedtardiness,queiroga2020,queiroga2020,448,448
queiroga2020/Capacity20/10/10J_s10_r40/1.dat,batchschedulingtotalweightedtardiness,queiroga2020,queiroga2020,382,382
queiroga2020/Capacity20/10/10J_s10_r40/2.dat,batchschedulingtotalweightedtardiness,queiroga2020,queiroga2020,384,384
queiroga2020/Capacity20/10/10J_s10_r40/3.dat,batchschedulingtotalweightedtardiness,queiroga2020,queiroga2020,486,486
queiroga2020/Capacity20/10/10J_s10_r40/4.dat,batchschedulingtotalweightedtardiness,queiroga2020,queiroga2020,545,545
queiroga2020/Capacity20/10/10J_s10_r40/5.dat,batchschedulingtotalweightedtardiness,queiroga2020,queiroga2020,207,207
queiroga2020/Capacity20/10/10J_s10_r80/1.dat,batchschedulingtotalweightedtardiness,queiroga2020,queiroga2020,249,249
queiroga2020/Capacity20/10/10J_s10_r80/2.dat,batchschedulingtotalweightedtardiness,queiroga2020,queiroga2020,66,66
queiroga2020/Capacity20/10/10J_s10_r80/3.dat,batchschedulingtotalweightedtardiness,queiroga2020,queiroga2020,37,37
queiroga2020/Capacity20/10/10J_s10_r80/4.dat,batchschedulingtotalweightedtardiness,queiroga2020,queiroga2020,177,177
queiroga2020/Capacity20/10/10J_s10_r80/5.dat,batchschedulingtotalweightedtardiness,queiroga2020,queiroga2020,87,87
queiroga2020/Capacity20/10/10J_s15_r10/1.dat,batchschedulingtotalweightedtardiness,queiroga2020,queiroga2020,481,481
queiroga2020/Capacity20/10/10J_s15_r10/2.dat,batchschedulingtotalweightedtardiness,queiroga2020,queiroga2020,1432,1432
queiroga2020/Capacity20/10/10J_s15_r10/3.dat,batchschedulingtotalweightedtardiness,queiroga2020,queiroga2020,257,257
queiroga2020/Capacity20/10/10J_s15_r10/4.dat,batchschedulingtotalweightedtardiness,queiroga2020,queiroga2020,368,368
queiroga2020/Capacity20/10/10J_s15_r10/5.dat,batchschedulingtotalweightedtardiness,queiroga2020,queiroga2020,330,330
queiroga2020/Capacity20/10/10J_s15_r40/1.dat,batchschedulingtotalweightedtardiness,queiroga2020,queiroga2020,308,308
queiroga2020/Capacity20/10/10J_s15_r40/2.dat,batchschedulingtotalweightedtardiness,queiroga2020,queiroga2020,463,463
queiroga2020/Capacity20/10/10J_s15_r40/3.dat,batchschedulingtotalweightedtardiness,queiroga2020,queiroga2020,389,389
queiroga2020/Capacity20/10/10J_s15_r40/4.dat,batchschedulingtotalweightedtardiness,queiroga2020,queiroga2020,476,476
queiroga2020/Capacity20/10/10J_s15_r40/5.dat,batchschedulingtotalweightedtardiness,queiroga2020,queiroga2020,386,386
queiroga2020/Capacity20/10/10J_s15_r80/1.dat,batchschedulingtotalweightedtardiness,queiroga2020,queiroga2020,850,850
queiroga2020/Capacity20/10/10J_s15_r80/2.dat,batchschedulingtotalweightedtardiness,queiroga2020,queiroga2020,289,289
queiroga2020/Capacity20/10/10J_s15_r80/3.dat,batchschedulingtotalweightedtardiness,queiroga2020,queiroga2020,271,271
queiroga2020/Capacity20/10/10J_s15_r80/4.dat,batchschedulingtotalweightedtardiness,queiroga2020,queiroga2020,126,126
queiroga2020/Capacity20/10/10J_s15_r80/5.dat,batchschedulingtotalweightedtardiness,queiroga2020,queiroga2020,302,302
queiroga2020/Capacity20/10/10J_s20_r10/1.dat,batchschedulingtotalweightedtardiness,queiroga2020,queiroga2020,1234,1234
queiroga2020/Capacity20/10/10J_s20_r10/2.dat,batchschedulingtotalweightedtardiness,queiroga2020,queiroga2020,422,422
queiroga2020/Capacity20/10/10J_s20_r10/3.dat,batchschedulingtotalweightedtardiness,queiroga2020,queiroga2020,401,401
queiroga2020/Capacity20/10/10J_s20_r10/4.dat,batchschedulingtotalweightedtardiness,queiroga2020,queiroga2020,882,882
queiroga2020/Capacity20/10/10J_s20_r10/5.dat,batchschedulingtotalweightedtardiness,queiroga2020,queiroga2020,621,621
queiroga2020/Capacity20/10/10J_s20_r40/1.dat,batchschedulingtotalweightedtardiness,queiroga2020,queiroga2020,366,366
queiroga2020/Capacity20/10/10J_s20_r40/2.dat,batchschedulingtotalweightedtardiness,queiroga2020,queiroga2020,125,125
queiroga2020/Capacity20/10/10J_s20_r40/3.dat,batchschedulingtotalweightedtardiness,queiroga2020,queiroga2020,531,531
queiroga2020/Capacity20/10/10J_s20_r40/4.dat,batchschedulingtotalweightedtardiness,queiroga2020,queiroga2020,281,281
queiroga2020/Capacity20/10/10J_s20_r40/5.dat,batchschedulingtotalweightedtardiness,queiroga2020,queiroga2020,376,376
queiroga2020/Capacity20/10/10J_s20_r80/1.dat,batchschedulingtotalweightedtardiness,queiroga2020,queiroga2020,504,504
queiroga2020/Capacity20/10/10J_s20_r80/2.dat,batchschedulingtotalweightedtardiness,queiroga2020,queiroga2020,526,526
queiroga2020/Capacity20/10/10J_s20_r80/3.dat,batchschedulingtotalweightedtardiness,queiroga2020,queiroga2020,653,653
queiroga2020/Capacity20/10/10J_s20_r80/4.dat,batchschedulingtotalweightedtardiness,queiroga2020,queiroga2020,373,373
queiroga2020/Capacity20/10/10J_s20_r80/5.dat,batchschedulingtotalweightedtardiness,queiroga2020,queiroga2020,237,237
queiroga2020/Capacity20/15/15J_s10_r10/1.dat,batchschedulingtotalweightedtardiness,queiroga2020,queiroga2020,774,774
queiroga2020/Capacity20/15/15J_s10_r10/2.dat,batchschedulingtotalweightedtardiness,queiroga2020,queiroga2020,785,785
queiroga2020/Capacity20/15/15J_s10_r10/3.dat,batchschedulingtotalweightedtardiness,queiroga2020,queiroga2020,417,417
queiroga2020/Capacity20/15/15J_s10_r10/4.dat,batchschedulingtotalweightedtardiness,queiroga2020,queiroga2020,1236,1236
queiroga2020/Capacity20/15/15J_s10_r10/5.dat,batchschedulingtotalweightedtardiness,queiroga2020,queiroga2020,764,764
queiroga2020/Capacity20/15/15J_s10_r40/1.dat,batchschedulingtotalweightedtardiness,queiroga2020,queiroga2020,408,408
queiroga2020/Capacity20/15/15J_s10_r40/2.dat,batchschedulingtotalweightedtardiness,queiroga2020,queiroga2020,554,554
queiroga2020/Capacity20/15/15J_s10_r40/3.dat,batchschedulingtotalweightedtardiness,queiroga2020,queiroga2020,575,575
queiroga2020/Capacity20/15/15J_s10_r40/4.dat,batchschedulingtotalweightedtardiness,queiroga2020,queiroga2020,262,262
queiroga2020/Capacity20/15/15J_s10_r40/5.dat,batchschedulingtotalweightedtardiness,queiroga2020,queiroga2020,549,549
queiroga2020/Capacity20/15/15J_s10_r80/1.dat,batchschedulingtotalweightedtardiness,queiroga2020,queiroga2020,406,406
queiroga2020/Capacity20/15/15J_s10_r80/2.dat,batchschedulingtotalweightedtardiness,queiroga2020,queiroga2020,390,390
queiroga2020/Capacity20/15/15J_s10_r80/3.dat,batchschedulingtotalweightedtardiness,queiroga2020,queiroga2020,443,443
queiroga2020/Capacity20/15/15J_s10_r80/4.dat,batchschedulingtotalweightedtardiness,queiroga2020,queiroga2020,781,781
queiroga2020/Capacity20/15/15J_s10_r80/5.dat,batchschedulingtotalweightedtardiness,queiroga2020,queiroga2020,592,592
queiroga2020/Capacity20/15/15J_s15_r10/1.dat,batchschedulingtotalweightedtardiness,queiroga2020,queiroga2020,1567,1567
queiroga2020/Capacity20/15/15J_s15_r10/2.dat,batchschedulingtotalweightedtardiness,queiroga2020,queiroga2020,1714,1714
queiroga2020/Capacity20/15/15J_s15_r10/3.dat,batchschedulingtotalweightedtardiness,queiroga2020,queiroga2020,1164,1164
queiroga2020/Capacity20/15/15J_s15_r10/4.dat,batchschedulingtotalweightedtardiness,queiroga2020,queiroga2020,1685,1685
queiroga2020/Capacity20/15/15J_s15_r10/5.dat,batchschedulingtotalweightedtardiness,queiroga2020,queiroga2020,2448,2448
queiroga2020/Capacity20/15/15J_s15_r40/1.dat,batchschedulingtotalweightedtardiness,queiroga2020,queiroga2020,872,872
queiroga2020/Capacity20/15/15J_s15_r40/2.dat,batchschedulingtotalweightedtardiness,queiroga2020,queiroga2020,1564,1564
queiroga2020/Capacity20/15/15J_s15_r40/3.dat,batchschedulingtotalweightedtardiness,queiroga2020,queiroga2020,1268,1268
queiroga2020/Capacity20/15/15J_s15_r40/4.dat,batchschedulingtotalweightedtardiness,queiroga2020,queiroga2020,440,440
queiroga2020/Capacity20/15/15J_s15_r40/5.dat,batchschedulingtotalweightedtardiness,queiroga2020,queiroga2020,1805,1805
queiroga2020/Capacity20/15/15J_s15_r80/1.dat,batchschedulingtotalweightedtardiness,queiroga2020,queiroga2020,586,586
queiroga2020/Capacity20/15/15J_s15_r80/2.dat,batchschedulingtotalweightedtardiness,queiroga2020,queiroga2020,763,763
queiroga2020/Capacity20/15/15J_s15_r80/3.dat,batchschedulingtotalweightedtardiness,queiroga2020,queiroga2020,707,707
queiroga2020/Capacity20/15/15J_s15_r80/4.dat,batchschedulingtotalweightedtardiness,queiroga2020,queiroga2020,692,692
queiroga2020/Capacity20/15/15J_s15_r80/5.dat,batchschedulingtotalweightedtardiness,queiroga2020,queiroga2020,598,598
queiroga2020/Capacity20/15/15J_s20_r10/1.dat,batchschedulingtotalweightedtardiness,queiroga2020,queiroga2020,1847,1847
queiroga2020/Capacity20/15/15J_s20_r10/2.dat,batchschedulingtotalweightedtardiness,queiroga2020,queiroga2020,1841,1841
queiroga2020/Capacity20/15/15J_s20_r10/3.dat,batchschedulingtotalweightedtardiness,queiroga2020,queiroga2020,1742,1742
queiroga2020/Capacity20/15/15J_s20_r10/4.dat,batchschedulingtotalweightedtardiness,queiroga2020,queiroga2020,1450,1450
queiroga2020/Capacity20/15/15J_s20_r10/5.dat,batchschedulingtotalweightedtardiness,queiroga2020,queiroga2020,1949,1949
queiroga2020/Capacity20/15/15J_s20_r40/1.dat,batchschedulingtotalweightedtardiness,queiroga2020,queiroga2020,887,887
queiroga2020/Capacity20/15/15J_s20_r40/2.dat,batchschedulingtotalweightedtardiness,queiroga2020,queiroga2020,2219,2219
queiroga2020/Capacity20/15/15J_s20_r40/3.dat,batchschedulingtotalweightedtardiness,queiroga2020,queiroga2020,898,898
queiroga2020/Capacity20/15/15J_s20_r40/4.dat,batchschedulingtotalweightedtardiness,queiroga2020,queiroga2020,1317,1317
queiroga2020/Capacity20/15/15J_s20_r40/5.dat,batchschedulingtotalweightedtardiness,queiroga2020,queiroga2020,1402,1402
queiroga2020/Capacity20/15/15J_s20_r80/1.dat,batchschedulingtotalweightedtardiness,queiroga2020,queiroga2020,275,275
queiroga2020/Capacity20/15/15J_s20_r80/2.dat,batchschedulingtotalweightedtardiness,queiroga2020,queiroga2020,346,346
queiroga2020/Capacity20/15/15J_s20_r80/3.dat,batchschedulingtotalweightedtardiness,queiroga2020,queiroga2020,907,907
queiroga2020/Capacity20/15/15J_s20_r80/4.dat,batchschedulingtotalweightedtardiness,queiroga2020,queiroga2020,636,636
queiroga2020/Capacity20/15/15J_s20_r80/5.dat,batchschedulingtotalweightedtardiness,queiroga2020,queiroga2020,1110,1110
queiroga2020/Capacity20/20/20J_s10_r10/1.dat,batchschedulingtotalweightedtardiness,queiroga2020,queiroga2020,1547,1547
queiroga2020/Capacity20/20/20J_s10_r10/2.dat,batchschedulingtotalweightedtardiness,queiroga2020,queiroga2020,2268,2268
queiroga2020/Capacity20/20/20J_s10_r10/3.dat,batchschedulingtotalweightedtardiness,queiroga2020,queiroga2020,1499,1499
queiroga2020/Capacity20/20/20J_s10_r10/4.dat,batchschedulingtotalweightedtardiness,queiroga2020,queiroga2020,1532,1532
queiroga2020/Capacity20/20/20J_s10_r10/5.dat,batchschedulingtotalweightedtardiness,queiroga2020,queiroga2020,1164,1164
queiroga2020/Capacity20/20/20J_s10_r40/1.dat,batchschedulingtotalweightedtardiness,queiroga2020,queiroga2020,1078,1078
queiroga2020/Capacity20/20/20J_s10_r40/2.dat,batchschedulingtotalweightedtardiness,queiroga2020,queiroga2020,652,652
queiroga2020/Capacity20/20/20J_s10_r40/3.dat,batchschedulingtotalweightedtardiness,queiroga2020,queiroga2020,977,977
queiroga2020/Capacity20/20/20J_s10_r40/4.dat,batchschedulingtotalweightedtardiness,queiroga2020,queiroga2020,949,949
queiroga2020/Capacity20/20/20J_s10_r40/5.dat,batchschedulingtotalweightedtardiness,queiroga2020,queiroga2020,1915,"1868,35"
queiroga2020/Capacity20/20/20J_s10_r80/1.dat,batchschedulingtotalweightedtardiness,queiroga2020,queiroga2020,416,416
queiroga2020/Capacity20/20/20J_s10_r80/2.dat,batchschedulingtotalweightedtardiness,queiroga2020,queiroga2020,273,273
queiroga2020/Capacity20/20/20J_s10_r80/3.dat,batchschedulingtotalweightedtardiness,queiroga2020,queiroga2020,907,907
queiroga2020/Capacity20/20/20J_s10_r80/4.dat,batchschedulingtotalweightedtardiness,queiroga2020,queiroga2020,585,585
queiroga2020/Capacity20/20/20J_s10_r80/5.dat,batchschedulingtotalweightedtardiness,queiroga2020,queiroga2020,1120,1120
queiroga2020/Capacity20/20/20J_s15_r10/1.dat,batchschedulingtotalweightedtardiness,queiroga2020,queiroga2020,4017,"3965,41"
queiroga2020/Capacity20/20/20J_s15_r10/2.dat,batchschedulingtotalweightedtardiness,queiroga2020,queiroga2020,5664,5664
queiroga2020/Capacity20/20/20J_s15_r10/3.dat,batchschedulingtotalweightedtardiness,queiroga2020,queiroga2020,3645,"3601,47"
queiroga2020/Capacity20/20/20J_s15_r10/4.dat,batchschedulingtotalweightedtardiness,queiroga2020,queiroga2020,4095,4095
queiroga2020/Capacity20/20/20J_s15_r10/5.dat,batchschedulingtotalweightedtardiness,queiroga2020,queiroga2020,4369,"4322,55"
queiroga2020/Capacity20/20/20J_s15_r40/1.dat,batchschedulingtotalweightedtardiness,queiroga2020,queiroga2020,1089,"1079,44"
queiroga2020/Capacity20/20/20J_s15_r40/2.dat,batchschedulingtotalweightedtardiness,queiroga2020,queiroga2020,2051,"2006,78"
queiroga2020/Capacity20/20/20J_s15_r40/3.dat,batchschedulingtotalweightedtardiness,queiroga2020,queiroga2020,2920,2920
queiroga2020/Capacity20/20/20J_s15_r40/4.dat,batchschedulingtotalweightedtardiness,queiroga2020,queiroga2020,2214,"2202,65"
queiroga2020/Capacity20/20/20J_s15_r40/5.dat,batchschedulingtotalweightedtardiness,queiroga2020,queiroga2020,999,999
queiroga2020/Capacity20/20/20J_s15_r80/1.dat,batchschedulingtotalweightedtardiness,queiroga2020,queiroga2020,1515,1515
queiroga2020/Capacity20/20/20J_s15_r80/2.dat,batchschedulingtotalweightedtardiness,queiroga2020,queiroga2020,904,904
queiroga2020/Capacity20/20/20J_s15_r80/3.dat,batchschedulingtotalweightedtardiness,queiroga2020,queiroga2020,1615,1615
queiroga2020/Capacity20/20/20J_s15_r80/4.dat,batchschedulingtotalweightedtardiness,queiroga2020,queiroga2020,450,450
queiroga2020/Capacity20/20/20J_s15_r80/5.dat,batchschedulingtotalweightedtardiness,queiroga2020,queiroga2020,508,508
queiroga2020/Capacity20/20/20J_s20_r10/1.dat,batchschedulingtotalweightedtardiness,queiroga2020,queiroga2020,4733,"4715,83"
queiroga2020/Capacity20/20/20J_s20_r10/2.dat,batchschedulingtotalweightedtardiness,queiroga2020,queiroga2020,2576,2576
queiroga2020/Capacity20/20/20J_s20_r10/3.dat,batchschedulingtotalweightedtardiness,queiroga2020,queiroga2020,2808,"2705,82"
queiroga2020/Capacity20/20/20J_s20_r10/4.dat,batchschedulingtotalweightedtardiness,queiroga2020,queiroga2020,1357,1357
queiroga2020/Capacity20/20/20J_s20_r10/5.dat,batchschedulingtotalweightedtardiness,queiroga2020,queiroga2020,3985,3985
queiroga2020/Capacity20/20/20J_s20_r40/1.dat,batchschedulingtotalweightedtardiness,queiroga2020,queiroga2020,2324,"2259,83"
queiroga2020/Capacity20/20/20J_s20_r40/2.dat,batchschedulingtotalweightedtardiness,queiroga2020,queiroga2020,1879,1879
queiroga2020/Capacity20/20/20J_s20_r40/3.dat,batchschedulingtotalweightedtardiness,queiroga2020,queiroga2020,3293,3293
queiroga2020/Capacity20/20/20J_s20_r40/4.dat,batchschedulingtotalweightedtardiness,queiroga2020,queiroga2020,2062,"2059,85"
queiroga2020/Capacity20/20/20J_s20_r40/5.dat,batchschedulingtotalweightedtardiness,queiroga2020,queiroga2020,1388,1388
queiroga2020/Capacity20/20/20J_s20_r80/1.dat,batchschedulingtotalweightedtardiness,queiroga2020,queiroga2020,1752,1752
queiroga2020/Capacity20/20/20J_s20_r80/2.dat,batchschedulingtotalweightedtardiness,queiroga2020,queiroga2020,703,703
queiroga2020/Capacity20/20/20J_s20_r80/3.dat,batchschedulingtotalweightedtardiness,queiroga2020,queiroga2020,708,708
queiroga2020/Capacity20/20/20J_s20_r80/4.dat,batchschedulingtotalweightedtardiness,queiroga2020,queiroga2020,427,427
queiroga2020/Capacity20/20/20J_s20_r80/5.dat,batchschedulingtotalweightedtardiness,queiroga2020,queiroga2020,1244,1244
queiroga2020/Capacity20/25/25J_s10_r10/1.dat,batchschedulingtotalweightedtardiness,queiroga2020,queiroga2020,3134,"3120,45"
queiroga2020/Capacity20/25/25J_s10_r10/2.dat,batchschedulingtotalweightedtardiness,queiroga2020,queiroga2020,1852,1852
queiroga2020/Capacity20/25/25J_s10_r10/3.dat,batchschedulingtotalweightedtardiness,queiroga2020,queiroga2020,3734,"3642,54"
queiroga2020/Capacity20/25/25J_s10_r10/4.dat,batchschedulingtotalweightedtardiness,queiroga2020,queiroga2020,1939,"1905,48"
queiroga2020/Capacity20/25/25J_s10_r10/5.dat,batchschedulingtotalweightedtardiness,queiroga2020,queiroga2020,2706,"2628,47"
queiroga2020/Capacity20/25/25J_s10_r40/1.dat,batchschedulingtotalweightedtardiness,queiroga2020,queiroga2020,2442,2442
queiroga2020/Capacity20/25/25J_s10_r40/2.dat,batchschedulingtotalweightedtardiness,queiroga2020,queiroga2020,1408,1408
queiroga2020/Capacity20/25/25J_s10_r40/3.dat,batchschedulingtotalweightedtardiness,queiroga2020,queiroga2020,502,502
queiroga2020/Capacity20/25/25J_s10_r40/4.dat,batchschedulingtotalweightedtardiness,queiroga2020,queiroga2020,1647,"1625,5"
queiroga2020/Capacity20/25/25J_s10_r40/5.dat,batchschedulingtotalweightedtardiness,queiroga2020,queiroga2020,2068,"2033,39"
queiroga2020/Capacity20/25/25J_s10_r80/1.dat,batchschedulingtotalweightedtardiness,queiroga2020,queiroga2020,1216,1216
queiroga2020/Capacity20/25/25J_s10_r80/2.dat,batchschedulingtotalweightedtardiness,queiroga2020,queiroga2020,604,604
queiroga2020/Capacity20/25/25J_s10_r80/3.dat,batchschedulingtotalweightedtardiness,queiroga2020,queiroga2020,442,442
queiroga2020/Capacity20/25/25J_s10_r80/4.dat,batchschedulingtotalweightedtardiness,queiroga2020,queiroga2020,931,931
queiroga2020/Capacity20/25/25J_s10_r80/5.dat,batchschedulingtotalweightedtardiness,queiroga2020,queiroga2020,1569,"1562,12"
queiroga2020/Capacity20/25/25J_s15_r10/1.dat,batchschedulingtotalweightedtardiness,queiroga2020,queiroga2020,4706,"4612,01"
queiroga2020/Capacity20/25/25J_s15_r10/2.dat,batchschedulingtotalweightedtardiness,queiroga2020,queiroga2020,4456,"4394,92"
queiroga2020/Capacity20/25/25J_s15_r10/3.dat,batchschedulingtotalweightedtardiness,queiroga2020,queiroga2020,4758,4751
queiroga2020/Capacity20/25/25J_s15_r10/4.dat,batchschedulingtotalweightedtardiness,queiroga2020,queiroga2020,4687,4687
queiroga2020/Capacity20/25/25J_s15_r10/5.dat,batchschedulingtotalweightedtardiness,queiroga2020,queiroga2020,5132,5132
queiroga2020/Capacity20/25/25J_s15_r40/1.dat,batchschedulingtotalweightedtardiness,queiroga2020,queiroga2020,3529,"3462,85"
queiroga2020/Capacity20/25/25J_s15_r40/2.dat,batchschedulingtotalweightedtardiness,queiroga2020,queiroga2020,1999,"1927,6"
queiroga2020/Capacity20/25/25J_s15_r40/3.dat,batchschedulingtotalweightedtardiness,queiroga2020,queiroga2020,1253,"1185,06"
queiroga2020/Capacity20/25/25J_s15_r40/4.dat,batchschedulingtotalweightedtardiness,queiroga2020,queiroga2020,4499,4499
queiroga2020/Capacity20/25/25J_s15_r40/5.dat,batchschedulingtotalweightedtardiness,queiroga2020,queiroga2020,1399,1399
queiroga2020/Capacity20/25/25J_s15_r80/1.dat,batchschedulingtotalweightedtardiness,queiroga2020,queiroga2020,1249,1249
queiroga2020/Capacity20/25/25J_s15_r80/2.dat,batchschedulingtotalweightedtardiness,queiroga2020,queiroga2020,960,"913,5"
queiroga2020/Capacity20/25/25J_s15_r80/3.dat,batchschedulingtotalweightedtardiness,queiroga2020,queiroga2020,1223,"1214,96"
queiroga2020/Capacity20/25/25J_s15_r80/4.dat,batchschedulingtotalweightedtardiness,queiroga2020,queiroga2020,1585,1585
queiroga2020/Capacity20/25/25J_s15_r80/5.dat,batchschedulingtotalweightedtardiness,queiroga2020,queiroga2020,3327,3327
queiroga2020/Capacity20/25/25J_s20_r10/1.dat,batchschedulingtotalweightedtardiness,queiroga2020,queiroga2020,5641,5641
queiroga2020/Capacity20/25/25J_s20_r10/2.dat,batchschedulingtotalweightedtardiness,queiroga2020,queiroga2020,5592,5592
queiroga2020/Capacity20/25/25J_s20_r10/3.dat,batchschedulingtotalweightedtardiness,queiroga2020,queiroga2020,5835,5835
queiroga2020/Capacity20/25/25J_s20_r10/4.dat,batchschedulingtotalweightedtardiness,queiroga2020,queiroga2020,5043,5043
queiroga2020/Capacity20/25/25J_s20_r10/5.dat,batchschedulingtotalweightedtardiness,queiroga2020,queiroga2020,5968,"5896,27"
queiroga2020/Capacity20/25/25J_s20_r40/1.dat,batchschedulingtotalweightedtardiness,queiroga2020,queiroga2020,2675,"2662,16"
queiroga2020/Capacity20/25/25J_s20_r40/2.dat,batchschedulingtotalweightedtardiness,queiroga2020,queiroga2020,2523,2523
queiroga2020/Capacity20/25/25J_s20_r40/3.dat,batchschedulingtotalweightedtardiness,queiroga2020,queiroga2020,4459,4459
queiroga2020/Capacity20/25/25J_s20_r40/4.dat,batchschedulingtotalweightedtardiness,queiroga2020,queiroga2020,1730,"1582,88"
queiroga2020/Capacity20/25/25J_s20_r40/5.dat,batchschedulingtotalweightedtardiness,queiroga2020,queiroga2020,2195,"2111,88"
queiroga2020/Capacity20/25/25J_s20_r80/1.dat,batchschedulingtotalweightedtardiness,queiroga2020,queiroga2020,1937,"1933,87"
queiroga2020/Capacity20/25/25J_s20_r80/2.dat,batchschedulingtotalweightedtardiness,queiroga2020,queiroga2020,2128,2128
queiroga2020/Capacity20/25/25J_s20_r80/3.dat,batchschedulingtotalweightedtardiness,queiroga2020,queiroga2020,1670,1670
queiroga2020/Capacity20/25/25J_s20_r80/4.dat,batchschedulingtotalweightedtardiness,queiroga2020,queiroga2020,4933,"4842,88"
queiroga2020/Capacity20/25/25J_s20_r80/5.dat,batchschedulingtotalweightedtardiness,queiroga2020,queiroga2020,2391,"2355,43"
queiroga2020/Capacity20/30/30J_s10_r10/1.dat,batchschedulingtotalweightedtardiness,queiroga2020,queiroga2020,2327,"2271,77"
queiroga2020/Capacity20/30/30J_s10_r10/2.dat,batchschedulingtotalweightedtardiness,queiroga2020,queiroga2020,2332,"2311,12"
queiroga2020/Capacity20/30/30J_s10_r10/3.dat,batchschedulingtotalweightedtardiness,queiroga2020,queiroga2020,3819,"3744,52"
queiroga2020/Capacity20/30/30J_s10_r10/4.dat,batchschedulingtotalweightedtardiness,queiroga2020,queiroga2020,3691,"3597,13"
queiroga2020/Capacity20/30/30J_s10_r10/5.dat,batchschedulingtotalweightedtardiness,queiroga2020,queiroga2020,3969,"3920,55"
queiroga2020/Capacity20/30/30J_s10_r40/1.dat,batchschedulingtotalweightedtardiness,queiroga2020,queiroga2020,2894,2855
queiroga2020/Capacity20/30/30J_s10_r40/2.dat,batchschedulingtotalweightedtardiness,queiroga2020,queiroga2020,3818,"3704,98"
queiroga2020/Capacity20/30/30J_s10_r40/3.dat,batchschedulingtotalweightedtardiness,queiroga2020,queiroga2020,1629,"1608,83"
queiroga2020/Capacity20/30/30J_s10_r40/4.dat,batchschedulingtotalweightedtardiness,queiroga2020,queiroga2020,3765,"3645,7"
queiroga2020/Capacity20/30/30J_s10_r40/5.dat,batchschedulingtotalweightedtardiness,queiroga2020,queiroga2020,2466,"2418,6"
queiroga2020/Capacity20/30/30J_s10_r80/1.dat,batchschedulingtotalweightedtardiness,queiroga2020,queiroga2020,1995,"1948,87"
queiroga2020/Capacity20/30/30J_s10_r80/2.dat,batchschedulingtotalweightedtardiness,queiroga2020,queiroga2020,1643,1643
queiroga2020/Capacity20/30/30J_s10_r80/3.dat,batchschedulingtotalweightedtardiness,queiroga2020,queiroga2020,808,808
queiroga2020/Capacity20/30/30J_s10_r80/4.dat,batchschedulingtotalweightedtardiness,queiroga2020,queiroga2020,2651,"2544,21"
queiroga2020/Capacity20/30/30J_s10_r80/5.dat,batchschedulingtotalweightedtardiness,queiroga2020,queiroga2020,2022,2022
queiroga2020/Capacity20/30/30J_s15_r10/1.dat,batchschedulingtotalweightedtardiness,queiroga2020,queiroga2020,7775,"7739,45"
queiroga2020/Capacity20/30/30J_s15_r10/2.dat,batchschedulingtotalweightedtardiness,queiroga2020,queiroga2020,5836,"5782,81"
queiroga2020/Capacity20/30/30J_s15_r10/3.dat,batchschedulingtotalweightedtardiness,queiroga2020,queiroga2020,7312,"7228,12"
queiroga2020/Capacity20/30/30J_s15_r10/4.dat,batchschedulingtotalweightedtardiness,queiroga2020,queiroga2020,4481,"4365,64"
queiroga2020/Capacity20/30/30J_s15_r10/5.dat,batchschedulingtotalweightedtardiness,queiroga2020,queiroga2020,9462,"9453,54"
queiroga2020/Capacity20/30/30J_s15_r40/1.dat,batchschedulingtotalweightedtardiness,queiroga2020,queiroga2020,5090,5090
queiroga2020/Capacity20/30/30J_s15_r40/2.dat,batchschedulingtotalweightedtardiness,queiroga2020,queiroga2020,7817,"7796,99"
queiroga2020/Capacity20/30/30J_s15_r40/3.dat,batchschedulingtotalweightedtardiness,queiroga2020,queiroga2020,3395,"3218,93"
queiroga2020/Capacity20/30/30J_s15_r40/4.dat,batchschedulingtotalweightedtardiness,queiroga2020,queiroga2020,4070,"3942,97"
queiroga2020/Capacity20/30/30J_s15_r40/5.dat,batchschedulingtotalweightedtardiness,queiroga2020,queiroga2020,4230,4230
queiroga2020/Capacity20/30/30J_s15_r80/1.dat,batchschedulingtotalweightedtardiness,queiroga2020,queiroga2020,2790,"2621,35"
queiroga2020/Capacity20/30/30J_s15_r80/2.dat,batchschedulingtotalweightedtardiness,queiroga2020,queiroga2020,1444,1444
queiroga2020/Capacity20/30/30J_s15_r80/3.dat,batchschedulingtotalweightedtardiness,queiroga2020,queiroga2020,2290,2290
queiroga2020/Capacity20/30/30J_s15_r80/4.dat,batchschedulingtotalweightedtardiness,queiroga2020,queiroga2020,1476,"1439,11"
queiroga2020/Capacity20/30/30J_s15_r80/5.dat,batchschedulingtotalweightedtardiness,queiroga2020,queiroga2020,2516,"2395,8"
queiroga2020/Capacity20/30/30J_s20_r10/1.dat,batchschedulingtotalweightedtardiness,queiroga2020,queiroga2020,6107,"6036,27"
queiroga2020/Capacity20/30/30J_s20_r10/2.dat,batchschedulingtotalweightedtardiness,queiroga2020,queiroga2020,7497,"7355,29"
queiroga2020/Capacity20/30/30J_s20_r10/3.dat,batchschedulingtotalweightedtardiness,queiroga2020,queiroga2020,7052,"6980,23"
queiroga2020/Capacity20/30/30J_s20_r10/4.dat,batchschedulingtotalweightedtardiness,queiroga2020,queiroga2020,5457,5457
queiroga2020/Capacity20/30/30J_s20_r10/5.dat,batchschedulingtotalweightedtardiness,queiroga2020,queiroga2020,7774,"7509,09"
queiroga2020/Capacity20/30/30J_s20_r40/1.dat,batchschedulingtotalweightedtardiness,queiroga2020,queiroga2020,3266,"3064,14"
queiroga2020/Capacity20/30/30J_s20_r40/2.dat,batchschedulingtotalweightedtardiness,queiroga2020,queiroga2020,4528,"4459,86"
queiroga2020/Capacity20/30/30J_s20_r40/3.dat,batchschedulingtotalweightedtardiness,queiroga2020,queiroga2020,4911,"4844,22"
queiroga2020/Capacity20/30/30J_s20_r40/4.dat,batchschedulingtotalweightedtardiness,queiroga2020,queiroga2020,5019,"4995,5"
queiroga2020/Capacity20/30/30J_s20_r40/5.dat,batchschedulingtotalweightedtardiness,queiroga2020,queiroga2020,5398,5398
queiroga2020/Capacity20/30/30J_s20_r80/1.dat,batchschedulingtotalweightedtardiness,queiroga2020,queiroga2020,4082,4082
queiroga2020/Capacity20/30/30J_s20_r80/2.dat,batchschedulingtotalweightedtardiness,queiroga2020,queiroga2020,576,576
queiroga2020/Capacity20/30/30J_s20_r80/3.dat,batchschedulingtotalweightedtardiness,queiroga2020,queiroga2020,1572,1572
queiroga2020/Capacity20/30/30J_s20_r80/4.dat,batchschedulingtotalweightedtardiness,queiroga2020,queiroga2020,5171,"5016,65"
queiroga2020/Capacity20/30/30J_s20_r80/5.dat,batchschedulingtotalweightedtardiness,queiroga2020,queiroga2020,2980,"2952,41"
queiroga2020/Capacity20/35/35J_s10_r10/1.dat,batchschedulingtotalweightedtardiness,queiroga2020,queiroga2020,4070,"3938,3"
queiroga2020/Capacity20/35/35J_s10_r10/2.dat,batchschedulingtotalweightedtardiness,queiroga2020,queiroga2020,5360,"5216,53"
queiroga2020/Capacity20/35/35J_s10_r10/3.dat,batchschedulingtotalweightedtardiness,queiroga2020,queiroga2020,3609,"3517,23"
queiroga2020/Capacity20/35/35J_s10_r10/4.dat,batchschedulingtotalweightedtardiness,queiroga2020,queiroga2020,4232,"4218,33"
queiroga2020/Capacity20/35/35J_s10_r10/5.dat,batchschedulingtotalweightedtardiness,queiroga2020,queiroga2020,4761,"4674,58"
queiroga2020/Capacity20/35/35J_s10_r40/1.dat,batchschedulingtotalweightedtardiness,queiroga2020,queiroga2020,4315,4315
queiroga2020/Capacity20/35/35J_s10_r40/2.dat,batchschedulingtotalweightedtardiness,queiroga2020,queiroga2020,1898,"1850,1"
queiroga2020/Capacity20/35/35J_s10_r40/3.dat,batchschedulingtotalweightedtardiness,queiroga2020,queiroga2020,1925,"1879,01"
queiroga2020/Capacity20/35/35J_s10_r40/4.dat,batchschedulingtotalweightedtardiness,queiroga2020,queiroga2020,2131,"2094,92"
queiroga2020/Capacity20/35/35J_s10_r40/5.dat,batchschedulingtotalweightedtardiness,queiroga2020,queiroga2020,1464,"1382,5"
queiroga2020/Capacity20/35/35J_s10_r80/1.dat,batchschedulingtotalweightedtardiness,queiroga2020,queiroga2020,1912,1912
queiroga2020/Capacity20/35/35J_s10_r80/2.dat,batchschedulingtotalweightedtardiness,queiroga2020,queiroga2020,1609,"1540,95"
queiroga2020/Capacity20/35/35J_s10_r80/3.dat,batchschedulingtotalweightedtardiness,queiroga2020,queiroga2020,2466,"2351,35"
queiroga2020/Capacity20/35/35J_s10_r80/4.dat,batchschedulingtotalweightedtardiness,queiroga2020,queiroga2020,1926,"1854,31"
queiroga2020/Capacity20/35/35J_s10_r80/5.dat,batchschedulingtotalweightedtardiness,queiroga2020,queiroga2020,1507,"1463,77"
queiroga2020/Capacity20/35/35J_s15_r10/1.dat,batchschedulingtotalweightedtardiness,queiroga2020,queiroga2020,6755,"6724,78"
queiroga2020/Capacity20/35/35J_s15_r10/2.dat,batchschedulingtotalweightedtardiness,queiroga2020,queiroga2020,11653,"11516,64"
queiroga2020/Capacity20/35/35J_s15_r10/3.dat,batchschedulingtotalweightedtardiness,queiroga2020,queiroga2020,12017,"11692,16"
queiroga2020/Capacity20/35/35J_s15_r10/4.dat,batchschedulingtotalweightedtardiness,queiroga2020,queiroga2020,8066,"8033,12"
queiroga2020/Capacity20/35/35J_s15_r10/5.dat,batchschedulingtotalweightedtardiness,queiroga2020,queiroga2020,7595,"7553,38"
queiroga2020/Capacity20/35/35J_s15_r40/1.dat,batchschedulingtotalweightedtardiness,queiroga2020,queiroga2020,7449,"7316,81"
queiroga2020/Capacity20/35/35J_s15_r40/2.dat,batchschedulingtotalweightedtardiness,queiroga2020,queiroga2020,6897,"6853,34"
queiroga2020/Capacity20/35/35J_s15_r40/3.dat,batchschedulingtotalweightedtardiness,queiroga2020,queiroga2020,5837,"5621,89"
queiroga2020/Capacity20/35/35J_s15_r40/4.dat,batchschedulingtotalweightedtardiness,queiroga2020,queiroga2020,8510,"8311,5"
queiroga2020/Capacity20/35/35J_s15_r40/5.dat,batchschedulingtotalweightedtardiness,queiroga2020,queiroga2020,3637,"3541,09"
queiroga2020/Capacity20/35/35J_s15_r80/1.dat,batchschedulingtotalweightedtardiness,queiroga2020,queiroga2020,3048,"2979,66"
queiroga2020/Capacity20/35/35J_s15_r80/2.dat,batchschedulingtotalweightedtardiness,queiroga2020,queiroga2020,3540,3540
queiroga2020/Capacity20/35/35J_s15_r80/3.dat,batchschedulingtotalweightedtardiness,queiroga2020,queiroga2020,2833,"2824,37"
queiroga2020/Capacity20/35/35J_s15_r80/4.dat,batchschedulingtotalweightedtardiness,queiroga2020,queiroga2020,1688,1688
queiroga2020/Capacity20/35/35J_s15_r80/5.dat,batchschedulingtotalweightedtardiness,queiroga2020,queiroga2020,2174,"2052,18"
queiroga2020/Capacity20/35/35J_s20_r10/1.dat,batchschedulingtotalweightedtardiness,queiroga2020,queiroga2020,14074,"14032,21"
queiroga2020/Capacity20/35/35J_s20_r10/2.dat,batchschedulingtotalweightedtardiness,queiroga2020,queiroga2020,5914,"5803,85"
queiroga2020/Capacity20/35/35J_s20_r10/3.dat,batchschedulingtotalweightedtardiness,queiroga2020,queiroga2020,9238,"9162,08"
queiroga2020/Capacity20/35/35J_s20_r10/4.dat,batchschedulingtotalweightedtardiness,queiroga2020,queiroga2020,9850,"9816,21"
queiroga2020/Capacity20/35/35J_s20_r10/5.dat,batchschedulingtotalweightedtardiness,queiroga2020,queiroga2020,8487,8487
queiroga2020/Capacity20/35/35J_s20_r40/1.dat,batchschedulingtotalweightedtardiness,queiroga2020,queiroga2020,4726,"4589,93"
queiroga2020/Capacity20/35/35J_s20_r40/2.dat,batchschedulingtotalweightedtardiness,queiroga2020,queiroga2020,7285,"7124,79"
queiroga2020/Capacity20/35/35J_s20_r40/3.dat,batchschedulingtotalweightedtardiness,queiroga2020,queiroga2020,9919,"9885,65"
queiroga2020/Capacity20/35/35J_s20_r40/4.dat,batchschedulingtotalweightedtardiness,queiroga2020,queiroga2020,5945,"5928,15"
queiroga2020/Capacity20/35/35J_s20_r40/5.dat,batchschedulingtotalweightedtardiness,queiroga2020,queiroga2020,4923,"4813,24"
queiroga2020/Capacity20/35/35J_s20_r80/1.dat,batchschedulingtotalweightedtardiness,queiroga2020,queiroga2020,2270,"1966,93"
queiroga2020/Capacity20/35/35J_s20_r80/2.dat,batchschedulingtotalweightedtardiness,queiroga2020,queiroga2020,755,755
queiroga2020/Capacity20/35/35J_s20_r80/3.dat,batchschedulingtotalweightedtardiness,queiroga2020,queiroga2020,10175,"10048,54"
queiroga2020/Capacity20/35/35J_s20_r80/4.dat,batchschedulingtotalweightedtardiness,queiroga2020,queiroga2020,1868,"1773,73"
queiroga2020/Capacity20/35/35J_s20_r80/5.dat,batchschedulingtotalweightedtardiness,queiroga2020,queiroga2020,3555,"3461,78"
queiroga2020/Capacity20/50/50J_s10_r10/1.dat,batchschedulingtotalweightedtardiness,queiroga2020,queiroga2020,9346,"9265,91"
queiroga2020/Capacity20/50/50J_s10_r10/2.dat,batchschedulingtotalweightedtardiness,queiroga2020,queiroga2020,8742,"8322,07"
queiroga2020/Capacity20/50/50J_s10_r10/3.dat,batchschedulingtotalweightedtardiness,queiroga2020,queiroga2020,10811,"10639,5"
queiroga2020/Capacity20/50/50J_s10_r10/4.dat,batchschedulingtotalweightedtardiness,queiroga2020,queiroga2020,9218,"9059,63"
queiroga2020/Capacity20/50/50J_s10_r10/5.dat,batchschedulingtotalweightedtardiness,queiroga2020,queiroga2020,7568,"7537,95"
queiroga2020/Capacity20/50/50J_s10_r40/1.dat,batchschedulingtotalweightedtardiness,queiroga2020,queiroga2020,5548,"5411,79"
queiroga2020/Capacity20/50/50J_s10_r40/2.dat,batchschedulingtotalweightedtardiness,queiroga2020,queiroga2020,6097,"5810,84"
queiroga2020/Capacity20/50/50J_s10_r40/3.dat,batchschedulingtotalweightedtardiness,queiroga2020,queiroga2020,8059,"7873,95"
queiroga2020/Capacity20/50/50J_s10_r40/4.dat,batchschedulingtotalweightedtardiness,queiroga2020,queiroga2020,5978,"5716,57"
queiroga2020/Capacity20/50/50J_s10_r40/5.dat,batchschedulingtotalweightedtardiness,queiroga2020,queiroga2020,7843,"7703,91"
queiroga2020/Capacity20/50/50J_s10_r80/1.dat,batchschedulingtotalweightedtardiness,queiroga2020,queiroga2020,2179,"2012,23"
queiroga2020/Capacity20/50/50J_s10_r80/2.dat,batchschedulingtotalweightedtardiness,queiroga2020,queiroga2020,3283,"2948,04"
queiroga2020/Capacity20/50/50J_s10_r80/3.dat,batchschedulingtotalweightedtardiness,queiroga2020,queiroga2020,2179,"2124,59"
queiroga2020/Capacity20/50/50J_s10_r80/4.dat,batchschedulingtotalweightedtardiness,queiroga2020,queiroga2020,3204,"3038,06"
queiroga2020/Capacity20/50/50J_s10_r80/5.dat,batchschedulingtotalweightedtardiness,queiroga2020,queiroga2020,4329,"4174,54"
queiroga2020/Capacity20/50/50J_s15_r10/1.dat,batchschedulingtotalweightedtardiness,queiroga2020,queiroga2020,14498,"14424,91"
queiroga2020/Capacity20/50/50J_s15_r10/2.dat,batchschedulingtotalweightedtardiness,queiroga2020,queiroga2020,25677,25677
queiroga2020/Capacity20/50/50J_s15_r10/3.dat,batchschedulingtotalweightedtardiness,queiroga2020,queiroga2020,19051,"19041,69"
queiroga2020/Capacity20/50/50J_s15_r10/4.dat,batchschedulingtotalweightedtardiness,queiroga2020,queiroga2020,16733,"16485,77"
queiroga2020/Capacity20/50/50J_s15_r10/5.dat,batchschedulingtotalweightedtardiness,queiroga2020,queiroga2020,19799,"19402,73"
queiroga2020/Capacity20/50/50J_s15_r40/1.dat,batchschedulingtotalweightedtardiness,queiroga2020,queiroga2020,14589,"14392,37"
queiroga2020/Capacity20/50/50J_s15_r40/2.dat,batchschedulingtotalweightedtardiness,queiroga2020,queiroga2020,12308,"12165,83"
queiroga2020/Capacity20/50/50J_s15_r40/3.dat,batchschedulingtotalweightedtardiness,queiroga2020,queiroga2020,8312,"8137,89"
queiroga2020/Capacity20/50/50J_s15_r40/4.dat,batchschedulingtotalweightedtardiness,queiroga2020,queiroga2020,14067,"13764,82"
queiroga2020/Capacity20/50/50J_s15_r40/5.dat,batchschedulingtotalweightedtardiness,queiroga2020,queiroga2020,11475,"11400,01"
queiroga2020/Capacity20/50/50J_s15_r80/1.dat,batchschedulingtotalweightedtardiness,queiroga2020,queiroga2020,5557,"5322,65"
queiroga2020/Capacity20/50/50J_s15_r80/2.dat,batchschedulingtotalweightedtardiness,queiroga2020,queiroga2020,4688,"4424,02"
queiroga2020/Capacity20/50/50J_s15_r80/3.dat,batchschedulingtotalweightedtardiness,queiroga2020,queiroga2020,4954,"4666,45"
queiroga2020/Capacity20/50/50J_s15_r80/4.dat,batchschedulingtotalweightedtardiness,queiroga2020,queiroga2020,8108,"7728,42"
queiroga2020/Capacity20/50/50J_s15_r80/5.dat,batchschedulingtotalweightedtardiness,queiroga2020,queiroga2020,3217,"3097,16"
queiroga2020/Capacity20/50/50J_s20_r10/1.dat,batchschedulingtotalweightedtardiness,queiroga2020,queiroga2020,16873,"16801,3"
queiroga2020/Capacity20/50/50J_s20_r10/2.dat,batchschedulingtotalweightedtardiness,queiroga2020,queiroga2020,15376,"15149,01"
queiroga2020/Capacity20/50/50J_s20_r10/3.dat,batchschedulingtotalweightedtardiness,queiroga2020,queiroga2020,25350,"25315,83"
queiroga2020/Capacity20/50/50J_s20_r10/4.dat,batchschedulingtotalweightedtardiness,queiroga2020,queiroga2020,11530,"11275,05"
queiroga2020/Capacity20/50/50J_s20_r10/5.dat,batchschedulingtotalweightedtardiness,queiroga2020,queiroga2020,23777,"23685,9"
queiroga2020/Capacity20/50/50J_s20_r40/1.dat,batchschedulingtotalweightedtardiness,queiroga2020,queiroga2020,11043,"10704,01"
queiroga2020/Capacity20/50/50J_s20_r40/2.dat,batchschedulingtotalweightedtardiness,queiroga2020,queiroga2020,11790,"11661,24"
queiroga2020/Capacity20/50/50J_s20_r40/3.dat,batchschedulingtotalweightedtardiness,queiroga2020,queiroga2020,11372,"11119,4"
queiroga2020/Capacity20/50/50J_s20_r40/4.dat,batchschedulingtotalweightedtardiness,queiroga2020,queiroga2020,10988,"10672,38"
queiroga2020/Capacity20/50/50J_s20_r40/5.dat,batchschedulingtotalweightedtardiness,queiroga2020,queiroga2020,12684,"12568,27"
queiroga2020/Capacity20/50/50J_s20_r80/1.dat,batchschedulingtotalweightedtardiness,queiroga2020,queiroga2020,3188,"3081,25"
queiroga2020/Capacity20/50/50J_s20_r80/2.dat,batchschedulingtotalweightedtardiness,queiroga2020,queiroga2020,6474,"6266,25"
queiroga2020/Capacity20/50/50J_s20_r80/3.dat,batchschedulingtotalweightedtardiness,queiroga2020,queiroga2020,7087,"6977,1"
queiroga2020/Capacity20/50/50J_s20_r80/4.dat,batchschedulingtotalweightedtardiness,queiroga2020,queiroga2020,6117,"6065,58"
queiroga2020/Capacity20/50/50J_s20_r80/5.dat,batchschedulingtotalweightedtardiness,queiroga2020,queiroga2020,1952,"1890,05"
queiroga2020/Capacity20/75/75J_s10_r10/1.dat,batchschedulingtotalweightedtardiness,queiroga2020,queiroga2020,21267,"21006,61"
queiroga2020/Capacity20/75/75J_s10_r10/2.dat,batchschedulingtotalweightedtardiness,queiroga2020,queiroga2020,25201,"24809,55"
queiroga2020/Capacity20/75/75J_s10_r10/3.dat,batchschedulingtotalweightedtardiness,queiroga2020,queiroga2020,20668,"20346,4"
queiroga2020/Capacity20/75/75J_s10_r10/4.dat,batchschedulingtotalweightedtardiness,queiroga2020,queiroga2020,26210,"25821,72"
queiroga2020/Capacity20/75/75J_s10_r10/5.dat,batchschedulingtotalweightedtardiness,queiroga2020,queiroga2020,20129,"19665,88"
queiroga2020/Capacity20/75/75J_s10_r40/1.dat,batchschedulingtotalweightedtardiness,queiroga2020,queiroga2020,12911,"12436,07"
queiroga2020/Capacity20/75/75J_s10_r40/2.dat,batchschedulingtotalweightedtardiness,queiroga2020,queiroga2020,13339,"12785,29"
queiroga2020/Capacity20/75/75J_s10_r40/3.dat,batchschedulingtotalweightedtardiness,queiroga2020,queiroga2020,10373,"10012,05"
queiroga2020/Capacity20/75/75J_s10_r40/4.dat,batchschedulingtotalweightedtardiness,queiroga2020,queiroga2020,11369,"10811,24"
queiroga2020/Capacity20/75/75J_s10_r40/5.dat,batchschedulingtotalweightedtardiness,queiroga2020,queiroga2020,9174,"8604,05"
queiroga2020/Capacity20/75/75J_s10_r80/1.dat,batchschedulingtotalweightedtardiness,queiroga2020,queiroga2020,5214,"4835,5"
queiroga2020/Capacity20/75/75J_s10_r80/2.dat,batchschedulingtotalweightedtardiness,queiroga2020,queiroga2020,3684,"3546,02"
queiroga2020/Capacity20/75/75J_s10_r80/3.dat,batchschedulingtotalweightedtardiness,queiroga2020,queiroga2020,6827,"6324,97"
queiroga2020/Capacity20/75/75J_s10_r80/4.dat,batchschedulingtotalweightedtardiness,queiroga2020,queiroga2020,9152,"8576,14"
queiroga2020/Capacity20/75/75J_s10_r80/5.dat,batchschedulingtotalweightedtardiness,queiroga2020,queiroga2020,8633,"8218,97"
queiroga2020/Capacity20/75/75J_s15_r10/1.dat,batchschedulingtotalweightedtardiness,queiroga2020,queiroga2020,41213,"41151,8"
queiroga2020/Capacity20/75/75J_s15_r10/2.dat,batchschedulingtotalweightedtardiness,queiroga2020,queiroga2020,52242,"51809,91"
queiroga2020/Capacity20/75/75J_s15_r10/3.dat,batchschedulingtotalweightedtardiness,queiroga2020,queiroga2020,54298,"54095,38"
queiroga2020/Capacity20/75/75J_s15_r10/4.dat,batchschedulingtotalweightedtardiness,queiroga2020,queiroga2020,52318,"52083,6"
queiroga2020/Capacity20/75/75J_s15_r10/5.dat,batchschedulingtotalweightedtardiness,queiroga2020,queiroga2020,52464,"52130,15"
queiroga2020/Capacity20/75/75J_s15_r40/1.dat,batchschedulingtotalweightedtardiness,queiroga2020,queiroga2020,34361,"34092,92"
queiroga2020/Capacity20/75/75J_s15_r40/2.dat,batchschedulingtotalweightedtardiness,queiroga2020,queiroga2020,23019,"22518,71"
queiroga2020/Capacity20/75/75J_s15_r40/3.dat,batchschedulingtotalweightedtardiness,queiroga2020,queiroga2020,26275,"26024,72"
queiroga2020/Capacity20/75/75J_s15_r40/4.dat,batchschedulingtotalweightedtardiness,queiroga2020,queiroga2020,20172,"19665,02"
queiroga2020/Capacity20/75/75J_s15_r40/5.dat,batchschedulingtotalweightedtardiness,queiroga2020,queiroga2020,21317,"21033,18"
queiroga2020/Capacity20/75/75J_s15_r80/1.dat,batchschedulingtotalweightedtardiness,queiroga2020,queiroga2020,17260,"16790,88"
queiroga2020/Capacity20/75/75J_s15_r80/2.dat,batchschedulingtotalweightedtardiness,queiroga2020,queiroga2020,8816,"8500,12"
queiroga2020/Capacity20/75/75J_s15_r80/3.dat,batchschedulingtotalweightedtardiness,queiroga2020,queiroga2020,9864,"9749,39"
queiroga2020/Capacity20/75/75J_s15_r80/4.dat,batchschedulingtotalweightedtardiness,queiroga2020,queiroga2020,7201,"6685,74"
queiroga2020/Capacity20/75/75J_s15_r80/5.dat,batchschedulingtotalweightedtardiness,queiroga2020,queiroga2020,5736,"5365,48"
queiroga2020/Capacity20/75/75J_s20_r10/1.dat,batchschedulingtotalweightedtardiness,queiroga2020,queiroga2020,40482,"40197,51"
queiroga2020/Capacity20/75/75J_s20_r10/2.dat,batchschedulingtotalweightedtardiness,queiroga2020,queiroga2020,43432,"43122,41"
queiroga2020/Capacity20/75/75J_s20_r10/3.dat,batchschedulingtotalweightedtardiness,queiroga2020,queiroga2020,30858,"30333,38"
queiroga2020/Capacity20/75/75J_s20_r10/4.dat,batchschedulingtotalweightedtardiness,queiroga2020,queiroga2020,42611,"42021,37"
queiroga2020/Capacity20/75/75J_s20_r10/5.dat,batchschedulingtotalweightedtardiness,queiroga2020,queiroga2020,37337,"36871,77"
queiroga2020/Capacity20/75/75J_s20_r40/1.dat,batchschedulingtotalweightedtardiness,queiroga2020,queiroga2020,29340,"28561,78"
queiroga2020/Capacity20/75/75J_s20_r40/2.dat,batchschedulingtotalweightedtardiness,queiroga2020,queiroga2020,17614,"17224,53"
queiroga2020/Capacity20/75/75J_s20_r40/3.dat,batchschedulingtotalweightedtardiness,queiroga2020,queiroga2020,36414,"35597,16"
queiroga2020/Capacity20/75/75J_s20_r40/4.dat,batchschedulingtotalweightedtardiness,queiroga2020,queiroga2020,26407,"26034,53"
queiroga2020/Capacity20/75/75J_s20_r40/5.dat,batchschedulingtotalweightedtardiness,queiroga2020,queiroga2020,25416,"24773,59"
queiroga2020/Capacity20/75/75J_s20_r80/1.dat,batchschedulingtotalweightedtardiness,queiroga2020,queiroga2020,7028,"6908,53"
queiroga2020/Capacity20/75/75J_s20_r80/2.dat,batchschedulingtotalweightedtardiness,queiroga2020,queiroga2020,5616,"5212,6"
queiroga2020/Capacity20/75/75J_s20_r80/3.dat,batchschedulingtotalweightedtardiness,queiroga2020,queiroga2020,10710,"10221,89"
queiroga2020/Capacity20/75/75J_s20_r80/4.dat,batchschedulingtotalweightedtardiness,queiroga2020,queiroga2020,8934,"8544,75"
queiroga2020/Capacity20/75/75J_s20_r80/5.dat,batchschedulingtotalweightedtardiness,queiroga2020,queiroga2020,10211,"9894,28"
queiroga2020/Capacity20/100/100J_s10_r10/1.dat,batchschedulingtotalweightedtardiness,queiroga2020,queiroga2020,35930,"35205,1"
queiroga2020/Capacity20/100/100J_s10_r10/2.dat,batchschedulingtotalweightedtardiness,queiroga2020,queiroga2020,39985,"39092,3"
queiroga2020/Capacity20/100/100J_s10_r10/3.dat,batchschedulingtotalweightedtardiness,queiroga2020,queiroga2020,41519,"40960,58"
queiroga2020/Capacity20/100/100J_s10_r10/4.dat,batchschedulingtotalweightedtardiness,queiroga2020,queiroga2020,38254,"37365,52"
queiroga2020/Capacity20/100/100J_s10_r10/5.dat,batchschedulingtotalweightedtardiness,queiroga2020,queiroga2020,35663,"34809,2"
queiroga2020/Capacity20/100/100J_s10_r40/1.dat,batchschedulingtotalweightedtardiness,queiroga2020,queiroga2020,30453,"29342,03"
queiroga2020/Capacity20/100/100J_s10_r40/2.dat,batchschedulingtotalweightedtardiness,queiroga2020,queiroga2020,24639,"23717,58"
queiroga2020/Capacity20/100/100J_s10_r40/3.dat,batchschedulingtotalweightedtardiness,queiroga2020,queiroga2020,22477,"21804,13"
queiroga2020/Capacity20/100/100J_s10_r40/4.dat,batchschedulingtotalweightedtardiness,queiroga2020,queiroga2020,24671,"23276,94"
queiroga2020/Capacity20/100/100J_s10_r40/5.dat,batchschedulingtotalweightedtardiness,queiroga2020,queiroga2020,25818,"24742,71"
queiroga2020/Capacity20/100/100J_s10_r80/1.dat,batchschedulingtotalweightedtardiness,queiroga2020,queiroga2020,8510,"7449,83"
queiroga2020/Capacity20/100/100J_s10_r80/2.dat,batchschedulingtotalweightedtardiness,queiroga2020,queiroga2020,5061,"4524,81"
queiroga2020/Capacity20/100/100J_s10_r80/3.dat,batchschedulingtotalweightedtardiness,queiroga2020,queiroga2020,12871,"11635,56"
queiroga2020/Capacity20/100/100J_s10_r80/4.dat,batchschedulingtotalweightedtardiness,queiroga2020,queiroga2020,7438,"6644,86"
queiroga2020/Capacity20/100/100J_s10_r80/5.dat,batchschedulingtotalweightedtardiness,queiroga2020,queiroga2020,11910,"10561,57"
queiroga2020/Capacity20/100/100J_s15_r10/1.dat,batchschedulingtotalweightedtardiness,queiroga2020,queiroga2020,95150,"94699,32"
queiroga2020/Capacity20/100/100J_s15_r10/2.dat,batchschedulingtotalweightedtardiness,queiroga2020,queiroga2020,66235,"65523,59"
queiroga2020/Capacity20/100/100J_s15_r10/3.dat,batchschedulingtotalweightedtardiness,queiroga2020,queiroga2020,70037,"69671,64"
queiroga2020/Capacity20/100/100J_s15_r10/4.dat,batchschedulingtotalweightedtardiness,queiroga2020,queiroga2020,82578,"81881,55"
queiroga2020/Capacity20/100/100J_s15_r10/5.dat,batchschedulingtotalweightedtardiness,queiroga2020,queiroga2020,83416,"82965,4"
queiroga2020/Capacity20/100/100J_s15_r40/1.dat,batchschedulingtotalweightedtardiness,queiroga2020,queiroga2020,47434,"46313,53"
queiroga2020/Capacity20/100/100J_s15_r40/2.dat,batchschedulingtotalweightedtardiness,queiroga2020,queiroga2020,32600,"31651,3"
queiroga2020/Capacity20/100/100J_s15_r40/3.dat,batchschedulingtotalweightedtardiness,queiroga2020,queiroga2020,52786,"51635,75"
queiroga2020/Capacity20/100/100J_s15_r40/4.dat,batchschedulingtotalweightedtardiness,queiroga2020,queiroga2020,70025,"69372,41"
queiroga2020/Capacity20/100/100J_s15_r40/5.dat,batchschedulingtotalweightedtardiness,queiroga2020,queiroga2020,38043,"37169,67"
queiroga2020/Capacity20/100/100J_s15_r80/1.dat,batchschedulingtotalweightedtardiness,queiroga2020,queiroga2020,13788,"13005,06"
queiroga2020/Capacity20/100/100J_s15_r80/2.dat,batchschedulingtotalweightedtardiness,queiroga2020,queiroga2020,18446,"17459,6"
queiroga2020/Capacity20/100/100J_s15_r80/3.dat,batchschedulingtotalweightedtardiness,queiroga2020,queiroga2020,17044,"15609,43"
queiroga2020/Capacity20/100/100J_s15_r80/4.dat,batchschedulingtotalweightedtardiness,queiroga2020,queiroga2020,9374,"8873,67"
queiroga2020/Capacity20/100/100J_s15_r80/5.dat,batchschedulingtotalweightedtardiness,queiroga2020,queiroga2020,16408,"15666,43"
queiroga2020/Capacity20/100/100J_s20_r10/1.dat,batchschedulingtotalweightedtardiness,queiroga2020,queiroga2020,72602,"72195,1"
queiroga2020/Capacity20/100/100J_s20_r10/2.dat,batchschedulingtotalweightedtardiness,queiroga2020,queiroga2020,54387,"53706,02"
queiroga2020/Capacity20/100/100J_s20_r10/3.dat,batchschedulingtotalweightedtardiness,queiroga2020,queiroga2020,98760,"98158,55"
queiroga2020/Capacity20/100/100J_s20_r10/4.dat,batchschedulingtotalweightedtardiness,queiroga2020,queiroga2020,83706,"82930,39"
queiroga2020/Capacity20/100/100J_s20_r10/5.dat,batchschedulingtotalweightedtardiness,queiroga2020,queiroga2020,79099,"78394,74"
queiroga2020/Capacity20/100/100J_s20_r40/1.dat,batchschedulingtotalweightedtardiness,queiroga2020,queiroga2020,55451,"54473,1"
queiroga2020/Capacity20/100/100J_s20_r40/2.dat,batchschedulingtotalweightedtardiness,queiroga2020,queiroga2020,58513,"57422,98"
queiroga2020/Capacity20/100/100J_s20_r40/3.dat,batchschedulingtotalweightedtardiness,queiroga2020,queiroga2020,28079,"27337,01"
queiroga2020/Capacity20/100/100J_s20_r40/4.dat,batchschedulingtotalweightedtardiness,queiroga2020,queiroga2020,45478,"44579,69"
queiroga2020/Capacity20/100/100J_s20_r40/5.dat,batchschedulingtotalweightedtardiness,queiroga2020,queiroga2020,35204,"34191,92"
queiroga2020/Capacity20/100/100J_s20_r80/1.dat,batchschedulingtotalweightedtardiness,queiroga2020,queiroga2020,10054,"9109,82"
queiroga2020/Capacity20/100/100J_s20_r80/2.dat,batchschedulingtotalweightedtardiness,queiroga2020,queiroga2020,23786,"22536,43"
queiroga2020/Capacity20/100/100J_s20_r80/3.dat,batchschedulingtotalweightedtardiness,queiroga2020,queiroga2020,13196,"11880,43"
queiroga2020/Capacity20/100/100J_s20_r80/4.dat,batchschedulingtotalweightedtardiness,queiroga2020,queiroga2020,9696,"9168,29"
queiroga2020/Capacity20/100/100J_s20_r80/5.dat,batchschedulingtotalweightedtardiness,queiroga2020,queiroga2020,11712,"10893,26"
queiroga2020/Capacity40/10/10J_s20_r10/1.dat,batchschedulingtotalweightedtardiness,queiroga2020,queiroga2020,754,754
queiroga2020/Capacity40/10/10J_s20_r10/2.dat,batchschedulingtotalweightedtardiness,queiroga2020,queiroga2020,351,351
queiroga2020/Capacity40/10/10J_s20_r10/3.dat,batchschedulingtotalweightedtardiness,queiroga2020,queiroga2020,287,287
queiroga2020/Capacity40/10/10J_s20_r10/4.dat,batchschedulingtotalweightedtardiness,queiroga2020,queiroga2020,428,428
queiroga2020/Capacity40/10/10J_s20_r10/5.dat,batchschedulingtotalweightedtardiness,queiroga2020,queiroga2020,235,235
queiroga2020/Capacity40/10/10J_s20_r40/1.dat,batchschedulingtotalweightedtardiness,queiroga2020,queiroga2020,228,228
queiroga2020/Capacity40/10/10J_s20_r40/2.dat,batchschedulingtotalweightedtardiness,queiroga2020,queiroga2020,109,109
queiroga2020/Capacity40/10/10J_s20_r40/3.dat,batchschedulingtotalweightedtardiness,queiroga2020,queiroga2020,493,493
queiroga2020/Capacity40/10/10J_s20_r40/4.dat,batchschedulingtotalweightedtardiness,queiroga2020,queiroga2020,230,230
queiroga2020/Capacity40/10/10J_s20_r40/5.dat,batchschedulingtotalweightedtardiness,queiroga2020,queiroga2020,374,374
queiroga2020/Capacity40/10/10J_s20_r80/1.dat,batchschedulingtotalweightedtardiness,queiroga2020,queiroga2020,159,159
queiroga2020/Capacity40/10/10J_s20_r80/2.dat,batchschedulingtotalweightedtardiness,queiroga2020,queiroga2020,126,126
queiroga2020/Capacity40/10/10J_s20_r80/3.dat,batchschedulingtotalweightedtardiness,queiroga2020,queiroga2020,50,50
queiroga2020/Capacity40/10/10J_s20_r80/4.dat,batchschedulingtotalweightedtardiness,queiroga2020,queiroga2020,323,323
queiroga2020/Capacity40/10/10J_s20_r80/5.dat,batchschedulingtotalweightedtardiness,queiroga2020,queiroga2020,185,185
queiroga2020/Capacity40/10/10J_s30_r10/1.dat,batchschedulingtotalweightedtardiness,queiroga2020,queiroga2020,174,174
queiroga2020/Capacity40/10/10J_s30_r10/2.dat,batchschedulingtotalweightedtardiness,queiroga2020,queiroga2020,248,248
queiroga2020/Capacity40/10/10J_s30_r10/3.dat,batchschedulingtotalweightedtardiness,queiroga2020,queiroga2020,241,241
queiroga2020/Capacity40/10/10J_s30_r10/4.dat,batchschedulingtotalweightedtardiness,queiroga2020,queiroga2020,297,297
queiroga2020/Capacity40/10/10J_s30_r10/5.dat,batchschedulingtotalweightedtardiness,queiroga2020,queiroga2020,848,848
queiroga2020/Capacity40/10/10J_s30_r40/1.dat,batchschedulingtotalweightedtardiness,queiroga2020,queiroga2020,317,317
queiroga2020/Capacity40/10/10J_s30_r40/2.dat,batchschedulingtotalweightedtardiness,queiroga2020,queiroga2020,576,576
queiroga2020/Capacity40/10/10J_s30_r40/3.dat,batchschedulingtotalweightedtardiness,queiroga2020,queiroga2020,885,885
queiroga2020/Capacity40/10/10J_s30_r40/4.dat,batchschedulingtotalweightedtardiness,queiroga2020,queiroga2020,956,956
queiroga2020/Capacity40/10/10J_s30_r40/5.dat,batchschedulingtotalweightedtardiness,queiroga2020,queiroga2020,282,282
queiroga2020/Capacity40/10/10J_s30_r80/1.dat,batchschedulingtotalweightedtardiness,queiroga2020,queiroga2020,355,355
queiroga2020/Capacity40/10/10J_s30_r80/2.dat,batchschedulingtotalweightedtardiness,queiroga2020,queiroga2020,453,453
queiroga2020/Capacity40/10/10J_s30_r80/3.dat,batchschedulingtotalweightedtardiness,queiroga2020,queiroga2020,370,370
queiroga2020/Capacity40/10/10J_s30_r80/4.dat,batchschedulingtotalweightedtardiness,queiroga2020,queiroga2020,213,213
queiroga2020/Capacity40/10/10J_s30_r80/5.dat,batchschedulingtotalweightedtardiness,queiroga2020,queiroga2020,337,337
queiroga2020/Capacity40/10/10J_s40_r10/1.dat,batchschedulingtotalweightedtardiness,queiroga2020,queiroga2020,990,990
queiroga2020/Capacity40/10/10J_s40_r10/2.dat,batchschedulingtotalweightedtardiness,queiroga2020,queiroga2020,629,629
queiroga2020/Capacity40/10/10J_s40_r10/3.dat,batchschedulingtotalweightedtardiness,queiroga2020,queiroga2020,1402,1402
queiroga2020/Capacity40/10/10J_s40_r10/4.dat,batchschedulingtotalweightedtardiness,queiroga2020,queiroga2020,280,280
queiroga2020/Capacity40/10/10J_s40_r10/5.dat,batchschedulingtotalweightedtardiness,queiroga2020,queiroga2020,795,795
queiroga2020/Capacity40/10/10J_s40_r40/1.dat,batchschedulingtotalweightedtardiness,queiroga2020,queiroga2020,504,504
queiroga2020/Capacity40/10/10J_s40_r40/2.dat,batchschedulingtotalweightedtardiness,queiroga2020,queiroga2020,546,546
queiroga2020/Capacity40/10/10J_s40_r40/3.dat,batchschedulingtotalweightedtardiness,queiroga2020,queiroga2020,389,389
queiroga2020/Capacity40/10/10J_s40_r40/4.dat,batchschedulingtotalweightedtardiness,queiroga2020,queiroga2020,656,656
queiroga2020/Capacity40/10/10J_s40_r40/5.dat,batchschedulingtotalweightedtardiness,queiroga2020,queiroga2020,433,433
queiroga2020/Capacity40/10/10J_s40_r80/1.dat,batchschedulingtotalweightedtardiness,queiroga2020,queiroga2020,171,171
queiroga2020/Capacity40/10/10J_s40_r80/2.dat,batchschedulingtotalweightedtardiness,queiroga2020,queiroga2020,153,153
queiroga2020/Capacity40/10/10J_s40_r80/3.dat,batchschedulingtotalweightedtardiness,queiroga2020,queiroga2020,474,474
queiroga2020/Capacity40/10/10J_s40_r80/4.dat,batchschedulingtotalweightedtardiness,queiroga2020,queiroga2020,261,261
queiroga2020/Capacity40/10/10J_s40_r80/5.dat,batchschedulingtotalweightedtardiness,queiroga2020,queiroga2020,371,371
queiroga2020/Capacity40/15/15J_s20_r10/1.dat,batchschedulingtotalweightedtardiness,queiroga2020,queiroga2020,1388,1388
queiroga2020/Capacity40/15/15J_s20_r10/2.dat,batchschedulingtotalweightedtardiness,queiroga2020,queiroga2020,898,898
queiroga2020/Capacity40/15/15J_s20_r10/3.dat,batchschedulingtotalweightedtardiness,queiroga2020,queiroga2020,1199,1199
queiroga2020/Capacity40/15/15J_s20_r10/4.dat,batchschedulingtotalweightedtardiness,queiroga2020,queiroga2020,933,933
queiroga2020/Capacity40/15/15J_s20_r10/5.dat,batchschedulingtotalweightedtardiness,queiroga2020,queiroga2020,693,693
queiroga2020/Capacity40/15/15J_s20_r40/1.dat,batchschedulingtotalweightedtardiness,queiroga2020,queiroga2020,769,769
queiroga2020/Capacity40/15/15J_s20_r40/2.dat,batchschedulingtotalweightedtardiness,queiroga2020,queiroga2020,351,351
queiroga2020/Capacity40/15/15J_s20_r40/3.dat,batchschedulingtotalweightedtardiness,queiroga2020,queiroga2020,858,858
queiroga2020/Capacity40/15/15J_s20_r40/4.dat,batchschedulingtotalweightedtardiness,queiroga2020,queiroga2020,517,517
queiroga2020/Capacity40/15/15J_s20_r40/5.dat,batchschedulingtotalweightedtardiness,queiroga2020,queiroga2020,1205,1205
queiroga2020/Capacity40/15/15J_s20_r80/1.dat,batchschedulingtotalweightedtardiness,queiroga2020,queiroga2020,912,912
queiroga2020/Capacity40/15/15J_s20_r80/2.dat,batchschedulingtotalweightedtardiness,queiroga2020,queiroga2020,1247,1247
queiroga2020/Capacity40/15/15J_s20_r80/3.dat,batchschedulingtotalweightedtardiness,queiroga2020,queiroga2020,366,366
queiroga2020/Capacity40/15/15J_s20_r80/4.dat,batchschedulingtotalweightedtardiness,queiroga2020,queiroga2020,91,91
queiroga2020/Capacity40/15/15J_s20_r80/5.dat,batchschedulingtotalweightedtardiness,queiroga2020,queiroga2020,364,364
queiroga2020/Capacity40/15/15J_s30_r10/1.dat,batchschedulingtotalweightedtardiness,queiroga2020,queiroga2020,2555,2555
queiroga2020/Capacity40/15/15J_s30_r10/2.dat,batchschedulingtotalweightedtardiness,queiroga2020,queiroga2020,3719,3719
queiroga2020/Capacity40/15/15J_s30_r10/3.dat,batchschedulingtotalweightedtardiness,queiroga2020,queiroga2020,2009,2009
queiroga2020/Capacity40/15/15J_s30_r10/4.dat,batchschedulingtotalweightedtardiness,queiroga2020,queiroga2020,1025,1025
queiroga2020/Capacity40/15/15J_s30_r10/5.dat,batchschedulingtotalweightedtardiness,queiroga2020,queiroga2020,1730,1730
queiroga2020/Capacity40/15/15J_s30_r40/1.dat,batchschedulingtotalweightedtardiness,queiroga2020,queiroga2020,1196,1196
queiroga2020/Capacity40/15/15J_s30_r40/2.dat,batchschedulingtotalweightedtardiness,queiroga2020,queiroga2020,1337,1337
queiroga2020/Capacity40/15/15J_s30_r40/3.dat,batchschedulingtotalweightedtardiness,queiroga2020,queiroga2020,923,923
queiroga2020/Capacity40/15/15J_s30_r40/4.dat,batchschedulingtotalweightedtardiness,queiroga2020,queiroga2020,937,937
queiroga2020/Capacity40/15/15J_s30_r40/5.dat,batchschedulingtotalweightedtardiness,queiroga2020,queiroga2020,899,899
queiroga2020/Capacity40/15/15J_s30_r80/1.dat,batchschedulingtotalweightedtardiness,queiroga2020,queiroga2020,329,329
queiroga2020/Capacity40/15/15J_s30_r80/2.dat,batchschedulingtotalweightedtardiness,queiroga2020,queiroga2020,366,366
queiroga2020/Capacity40/15/15J_s30_r80/3.dat,batchschedulingtotalweightedtardiness,queiroga2020,queiroga2020,1895,1895
queiroga2020/Capacity40/15/15J_s30_r80/4.dat,batchschedulingtotalweightedtardiness,queiroga2020,queiroga2020,693,693
queiroga2020/Capacity40/15/15J_s30_r80/5.dat,batchschedulingtotalweightedtardiness,queiroga2020,queiroga2020,415,415
queiroga2020/Capacity40/15/15J_s40_r10/1.dat,batchschedulingtotalweightedtardiness,queiroga2020,queiroga2020,2007,2007
queiroga2020/Capacity40/15/15J_s40_r10/2.dat,batchschedulingtotalweightedtardiness,queiroga2020,queiroga2020,1303,1303
queiroga2020/Capacity40/15/15J_s40_r10/3.dat,batchschedulingtotalweightedtardiness,queiroga2020,queiroga2020,1009,1009
queiroga2020/Capacity40/15/15J_s40_r10/4.dat,batchschedulingtotalweightedtardiness,queiroga2020,queiroga2020,1048,1048
queiroga2020/Capacity40/15/15J_s40_r10/5.dat,batchschedulingtotalweightedtardiness,queiroga2020,queiroga2020,1428,1428
queiroga2020/Capacity40/15/15J_s40_r40/1.dat,batchschedulingtotalweightedtardiness,queiroga2020,queiroga2020,1669,1669
queiroga2020/Capacity40/15/15J_s40_r40/2.dat,batchschedulingtotalweightedtardiness,queiroga2020,queiroga2020,1613,1613
queiroga2020/Capacity40/15/15J_s40_r40/3.dat,batchschedulingtotalweightedtardiness,queiroga2020,queiroga2020,1800,1800
queiroga2020/Capacity40/15/15J_s40_r40/4.dat,batchschedulingtotalweightedtardiness,queiroga2020,queiroga2020,1282,1282
queiroga2020/Capacity40/15/15J_s40_r40/5.dat,batchschedulingtotalweightedtardiness,queiroga2020,queiroga2020,1487,1487
queiroga2020/Capacity40/15/15J_s40_r80/1.dat,batchschedulingtotalweightedtardiness,queiroga2020,queiroga2020,106,106
queiroga2020/Capacity40/15/15J_s40_r80/2.dat,batchschedulingtotalweightedtardiness,queiroga2020,queiroga2020,832,832
queiroga2020/Capacity40/15/15J_s40_r80/3.dat,batchschedulingtotalweightedtardiness,queiroga2020,queiroga2020,419,419
queiroga2020/Capacity40/15/15J_s40_r80/4.dat,batchschedulingtotalweightedtardiness,queiroga2020,queiroga2020,2203,2203
queiroga2020/Capacity40/15/15J_s40_r80/5.dat,batchschedulingtotalweightedtardiness,queiroga2020,queiroga2020,327,327
queiroga2020/Capacity40/20/20J_s20_r10/1.dat,batchschedulingtotalweightedtardiness,queiroga2020,queiroga2020,1324,"1308,67"
queiroga2020/Capacity40/20/20J_s20_r10/2.dat,batchschedulingtotalweightedtardiness,queiroga2020,queiroga2020,1885,1885
queiroga2020/Capacity40/20/20J_s20_r10/3.dat,batchschedulingtotalweightedtardiness,queiroga2020,queiroga2020,1170,1170
queiroga2020/Capacity40/20/20J_s20_r10/4.dat,batchschedulingtotalweightedtardiness,queiroga2020,queiroga2020,1935,1935
queiroga2020/Capacity40/20/20J_s20_r10/5.dat,batchschedulingtotalweightedtardiness,queiroga2020,queiroga2020,1898,1898
queiroga2020/Capacity40/20/20J_s20_r40/1.dat,batchschedulingtotalweightedtardiness,queiroga2020,queiroga2020,597,597
queiroga2020/Capacity40/20/20J_s20_r40/2.dat,batchschedulingtotalweightedtardiness,queiroga2020,queiroga2020,1446,1446
queiroga2020/Capacity40/20/20J_s20_r40/3.dat,batchschedulingtotalweightedtardiness,queiroga2020,queiroga2020,1036,1036
queiroga2020/Capacity40/20/20J_s20_r40/4.dat,batchschedulingtotalweightedtardiness,queiroga2020,queiroga2020,935,935
queiroga2020/Capacity40/20/20J_s20_r40/5.dat,batchschedulingtotalweightedtardiness,queiroga2020,queiroga2020,1236,1236
queiroga2020/Capacity40/20/20J_s20_r80/1.dat,batchschedulingtotalweightedtardiness,queiroga2020,queiroga2020,391,391
queiroga2020/Capacity40/20/20J_s20_r80/2.dat,batchschedulingtotalweightedtardiness,queiroga2020,queiroga2020,608,608
queiroga2020/Capacity40/20/20J_s20_r80/3.dat,batchschedulingtotalweightedtardiness,queiroga2020,queiroga2020,684,684
queiroga2020/Capacity40/20/20J_s20_r80/4.dat,batchschedulingtotalweightedtardiness,queiroga2020,queiroga2020,1326,1326
queiroga2020/Capacity40/20/20J_s20_r80/5.dat,batchschedulingtotalweightedtardiness,queiroga2020,queiroga2020,645,645
queiroga2020/Capacity40/20/20J_s30_r10/1.dat,batchschedulingtotalweightedtardiness,queiroga2020,queiroga2020,3446,3446
queiroga2020/Capacity40/20/20J_s30_r10/2.dat,batchschedulingtotalweightedtardiness,queiroga2020,queiroga2020,2734,"2710,91"
queiroga2020/Capacity40/20/20J_s30_r10/3.dat,batchschedulingtotalweightedtardiness,queiroga2020,queiroga2020,2834,2834
queiroga2020/Capacity40/20/20J_s30_r10/4.dat,batchschedulingtotalweightedtardiness,queiroga2020,queiroga2020,3802,3802
queiroga2020/Capacity40/20/20J_s30_r10/5.dat,batchschedulingtotalweightedtardiness,queiroga2020,queiroga2020,4541,"4499,9"
queiroga2020/Capacity40/20/20J_s30_r40/1.dat,batchschedulingtotalweightedtardiness,queiroga2020,queiroga2020,1931,1931
queiroga2020/Capacity40/20/20J_s30_r40/2.dat,batchschedulingtotalweightedtardiness,queiroga2020,queiroga2020,2395,2395
queiroga2020/Capacity40/20/20J_s30_r40/3.dat,batchschedulingtotalweightedtardiness,queiroga2020,queiroga2020,4309,4309
queiroga2020/Capacity40/20/20J_s30_r40/4.dat,batchschedulingtotalweightedtardiness,queiroga2020,queiroga2020,2045,2045
queiroga2020/Capacity40/20/20J_s30_r40/5.dat,batchschedulingtotalweightedtardiness,queiroga2020,queiroga2020,2093,2093
queiroga2020/Capacity40/20/20J_s30_r80/1.dat,batchschedulingtotalweightedtardiness,queiroga2020,queiroga2020,1088,1088
queiroga2020/Capacity40/20/20J_s30_r80/2.dat,batchschedulingtotalweightedtardiness,queiroga2020,queiroga2020,1368,1368
queiroga2020/Capacity40/20/20J_s30_r80/3.dat,batchschedulingtotalweightedtardiness,queiroga2020,queiroga2020,1793,1793
queiroga2020/Capacity40/20/20J_s30_r80/4.dat,batchschedulingtotalweightedtardiness,queiroga2020,queiroga2020,828,828
queiroga2020/Capacity40/20/20J_s30_r80/5.dat,batchschedulingtotalweightedtardiness,queiroga2020,queiroga2020,2044,2044
queiroga2020/Capacity40/20/20J_s40_r10/1.dat,batchschedulingtotalweightedtardiness,queiroga2020,queiroga2020,1798,1798
queiroga2020/Capacity40/20/20J_s40_r10/2.dat,batchschedulingtotalweightedtardiness,queiroga2020,queiroga2020,2540,2540
queiroga2020/Capacity40/20/20J_s40_r10/3.dat,batchschedulingtotalweightedtardiness,queiroga2020,queiroga2020,3026,3026
queiroga2020/Capacity40/20/20J_s40_r10/4.dat,batchschedulingtotalweightedtardiness,queiroga2020,queiroga2020,4413,"4320,07"
queiroga2020/Capacity40/20/20J_s40_r10/5.dat,batchschedulingtotalweightedtardiness,queiroga2020,queiroga2020,4302,4302
queiroga2020/Capacity40/20/20J_s40_r40/1.dat,batchschedulingtotalweightedtardiness,queiroga2020,queiroga2020,1250,1250
queiroga2020/Capacity40/20/20J_s40_r40/2.dat,batchschedulingtotalweightedtardiness,queiroga2020,queiroga2020,2267,"2226,86"
queiroga2020/Capacity40/20/20J_s40_r40/3.dat,batchschedulingtotalweightedtardiness,queiroga2020,queiroga2020,1792,1792
queiroga2020/Capacity40/20/20J_s40_r40/4.dat,batchschedulingtotalweightedtardiness,queiroga2020,queiroga2020,1572,1572
queiroga2020/Capacity40/20/20J_s40_r40/5.dat,batchschedulingtotalweightedtardiness,queiroga2020,queiroga2020,1569,1569
queiroga2020/Capacity40/20/20J_s40_r80/1.dat,batchschedulingtotalweightedtardiness,queiroga2020,queiroga2020,1562,1562
queiroga2020/Capacity40/20/20J_s40_r80/2.dat,batchschedulingtotalweightedtardiness,queiroga2020,queiroga2020,1266,1266
queiroga2020/Capacity40/20/20J_s40_r80/3.dat,batchschedulingtotalweightedtardiness,queiroga2020,queiroga2020,535,535
queiroga2020/Capacity40/20/20J_s40_r80/4.dat,batchschedulingtotalweightedtardiness,queiroga2020,queiroga2020,909,909
queiroga2020/Capacity40/20/20J_s40_r80/5.dat,batchschedulingtotalweightedtardiness,queiroga2020,queiroga2020,1097,1097
queiroga2020/Capacity40/25/25J_s20_r10/1.dat,batchschedulingtotalweightedtardiness,queiroga2020,queiroga2020,3422,3422
queiroga2020/Capacity40/25/25J_s20_r10/2.dat,batchschedulingtotalweightedtardiness,queiroga2020,queiroga2020,2015,"1972,48"
queiroga2020/Capacity40/25/25J_s20_r10/3.dat,batchschedulingtotalweightedtardiness,queiroga2020,queiroga2020,2083,"2058,97"
queiroga2020/Capacity40/25/25J_s20_r10/4.dat,batchschedulingtotalweightedtardiness,queiroga2020,queiroga2020,2922,"2873,65"
queiroga2020/Capacity40/25/25J_s20_r10/5.dat,batchschedulingtotalweightedtardiness,queiroga2020,queiroga2020,2131,"2096,16"
queiroga2020/Capacity40/25/25J_s20_r40/1.dat,batchschedulingtotalweightedtardiness,queiroga2020,queiroga2020,1704,"1681,19"
queiroga2020/Capacity40/25/25J_s20_r40/2.dat,batchschedulingtotalweightedtardiness,queiroga2020,queiroga2020,1378,1287
queiroga2020/Capacity40/25/25J_s20_r40/3.dat,batchschedulingtotalweightedtardiness,queiroga2020,queiroga2020,1584,"1535,8"
queiroga2020/Capacity40/25/25J_s20_r40/4.dat,batchschedulingtotalweightedtardiness,queiroga2020,queiroga2020,2369,2369
queiroga2020/Capacity40/25/25J_s20_r40/5.dat,batchschedulingtotalweightedtardiness,queiroga2020,queiroga2020,1945,"1917,87"
queiroga2020/Capacity40/25/25J_s20_r80/1.dat,batchschedulingtotalweightedtardiness,queiroga2020,queiroga2020,948,"947,53"
queiroga2020/Capacity40/25/25J_s20_r80/2.dat,batchschedulingtotalweightedtardiness,queiroga2020,queiroga2020,1238,"1230,12"
queiroga2020/Capacity40/25/25J_s20_r80/3.dat,batchschedulingtotalweightedtardiness,queiroga2020,queiroga2020,979,"971,24"
queiroga2020/Capacity40/25/25J_s20_r80/4.dat,batchschedulingtotalweightedtardiness,queiroga2020,queiroga2020,476,476
queiroga2020/Capacity40/25/25J_s20_r80/5.dat,batchschedulingtotalweightedtardiness,queiroga2020,queiroga2020,1095,"1092,61"
queiroga2020/Capacity40/25/25J_s30_r10/1.dat,batchschedulingtotalweightedtardiness,queiroga2020,queiroga2020,5640,5640
queiroga2020/Capacity40/25/25J_s30_r10/2.dat,batchschedulingtotalweightedtardiness,queiroga2020,queiroga2020,3916,3916
queiroga2020/Capacity40/25/25J_s30_r10/3.dat,batchschedulingtotalweightedtardiness,queiroga2020,queiroga2020,5752,"5613,67"
queiroga2020/Capacity40/25/25J_s30_r10/4.dat,batchschedulingtotalweightedtardiness,queiroga2020,queiroga2020,5802,"5732,5"
queiroga2020/Capacity40/25/25J_s30_r10/5.dat,batchschedulingtotalweightedtardiness,queiroga2020,queiroga2020,6477,"6456,67"
queiroga2020/Capacity40/25/25J_s30_r40/1.dat,batchschedulingtotalweightedtardiness,queiroga2020,queiroga2020,1821,1821
queiroga2020/Capacity40/25/25J_s30_r40/2.dat,batchschedulingtotalweightedtardiness,queiroga2020,queiroga2020,3676,3676
queiroga2020/Capacity40/25/25J_s30_r40/3.dat,batchschedulingtotalweightedtardiness,queiroga2020,queiroga2020,4440,4428
queiroga2020/Capacity40/25/25J_s30_r40/4.dat,batchschedulingtotalweightedtardiness,queiroga2020,queiroga2020,6856,6856
queiroga2020/Capacity40/25/25J_s30_r40/5.dat,batchschedulingtotalweightedtardiness,queiroga2020,queiroga2020,2158,"2057,06"
queiroga2020/Capacity40/25/25J_s30_r80/1.dat,batchschedulingtotalweightedtardiness,queiroga2020,queiroga2020,1154,1154
queiroga2020/Capacity40/25/25J_s30_r80/2.dat,batchschedulingtotalweightedtardiness,queiroga2020,queiroga2020,2008,2008
queiroga2020/Capacity40/25/25J_s30_r80/3.dat,batchschedulingtotalweightedtardiness,queiroga2020,queiroga2020,2077,"2069,9"
queiroga2020/Capacity40/25/25J_s30_r80/4.dat,batchschedulingtotalweightedtardiness,queiroga2020,queiroga2020,1303,1303
queiroga2020/Capacity40/25/25J_s30_r80/5.dat,batchschedulingtotalweightedtardiness,queiroga2020,queiroga2020,1264,1264
queiroga2020/Capacity40/25/25J_s40_r10/1.dat,batchschedulingtotalweightedtardiness,queiroga2020,queiroga2020,4326,4318
queiroga2020/Capacity40/25/25J_s40_r10/2.dat,batchschedulingtotalweightedtardiness,queiroga2020,queiroga2020,5302,5287
queiroga2020/Capacity40/25/25J_s40_r10/3.dat,batchschedulingtotalweightedtardiness,queiroga2020,queiroga2020,6393,"6318,02"
queiroga2020/Capacity40/25/25J_s40_r10/4.dat,batchschedulingtotalweightedtardiness,queiroga2020,queiroga2020,3408,"3289,58"
queiroga2020/Capacity40/25/25J_s40_r10/5.dat,batchschedulingtotalweightedtardiness,queiroga2020,queiroga2020,3784,"3753,14"
queiroga2020/Capacity40/25/25J_s40_r40/1.dat,batchschedulingtotalweightedtardiness,queiroga2020,queiroga2020,3906,"3867,31"
queiroga2020/Capacity40/25/25J_s40_r40/2.dat,batchschedulingtotalweightedtardiness,queiroga2020,queiroga2020,2498,"2474,67"
queiroga2020/Capacity40/25/25J_s40_r40/3.dat,batchschedulingtotalweightedtardiness,queiroga2020,queiroga2020,3283,3283
queiroga2020/Capacity40/25/25J_s40_r40/4.dat,batchschedulingtotalweightedtardiness,queiroga2020,queiroga2020,4870,4753
queiroga2020/Capacity40/25/25J_s40_r40/5.dat,batchschedulingtotalweightedtardiness,queiroga2020,queiroga2020,2996,"2821,7"
queiroga2020/Capacity40/25/25J_s40_r80/1.dat,batchschedulingtotalweightedtardiness,queiroga2020,queiroga2020,1387,1387
queiroga2020/Capacity40/25/25J_s40_r80/2.dat,batchschedulingtotalweightedtardiness,queiroga2020,queiroga2020,1579,1579
queiroga2020/Capacity40/25/25J_s40_r80/3.dat,batchschedulingtotalweightedtardiness,queiroga2020,queiroga2020,825,825
queiroga2020/Capacity40/25/25J_s40_r80/4.dat,batchschedulingtotalweightedtardiness,queiroga2020,queiroga2020,472,472
queiroga2020/Capacity40/25/25J_s40_r80/5.dat,batchschedulingtotalweightedtardiness,queiroga2020,queiroga2020,740,740
queiroga2020/Capacity40/30/30J_s20_r10/1.dat,batchschedulingtotalweightedtardiness,queiroga2020,queiroga2020,6133,"5986,89"
queiroga2020/Capacity40/30/30J_s20_r10/2.dat,batchschedulingtotalweightedtardiness,queiroga2020,queiroga2020,5498,"5294,63"
queiroga2020/Capacity40/30/30J_s20_r10/3.dat,batchschedulingtotalweightedtardiness,queiroga2020,queiroga2020,4068,4068
queiroga2020/Capacity40/30/30J_s20_r10/4.dat,batchschedulingtotalweightedtardiness,queiroga2020,queiroga2020,4785,"4738,74"
queiroga2020/Capacity40/30/30J_s20_r10/5.dat,batchschedulingtotalweightedtardiness,queiroga2020,queiroga2020,3949,3949
queiroga2020/Capacity40/30/30J_s20_r40/1.dat,batchschedulingtotalweightedtardiness,queiroga2020,queiroga2020,2574,"2475,79"
queiroga2020/Capacity40/30/30J_s20_r40/2.dat,batchschedulingtotalweightedtardiness,queiroga2020,queiroga2020,3515,"3429,65"
queiroga2020/Capacity40/30/30J_s20_r40/3.dat,batchschedulingtotalweightedtardiness,queiroga2020,queiroga2020,2670,"2609,53"
queiroga2020/Capacity40/30/30J_s20_r40/4.dat,batchschedulingtotalweightedtardiness,queiroga2020,queiroga2020,2167,"2110,63"
queiroga2020/Capacity40/30/30J_s20_r40/5.dat,batchschedulingtotalweightedtardiness,queiroga2020,queiroga2020,2467,"2383,49"
queiroga2020/Capacity40/30/30J_s20_r80/1.dat,batchschedulingtotalweightedtardiness,queiroga2020,queiroga2020,1045,"982,96"
queiroga2020/Capacity40/30/30J_s20_r80/2.dat,batchschedulingtotalweightedtardiness,queiroga2020,queiroga2020,2325,"2232,48"
queiroga2020/Capacity40/30/30J_s20_r80/3.dat,batchschedulingtotalweightedtardiness,queiroga2020,queiroga2020,3138,"3073,62"
queiroga2020/Capacity40/30/30J_s20_r80/4.dat,batchschedulingtotalweightedtardiness,queiroga2020,queiroga2020,1508,"1471,83"
queiroga2020/Capacity40/30/30J_s20_r80/5.dat,batchschedulingtotalweightedtardiness,queiroga2020,queiroga2020,2121,"2103,22"
queiroga2020/Capacity40/30/30J_s30_r10/1.dat,batchschedulingtotalweightedtardiness,queiroga2020,queiroga2020,9118,"9104,64"
queiroga2020/Capacity40/30/30J_s30_r10/2.dat,batchschedulingtotalweightedtardiness,queiroga2020,queiroga2020,7812,"7485,63"
queiroga2020/Capacity40/30/30J_s30_r10/3.dat,batchschedulingtotalweightedtardiness,queiroga2020,queiroga2020,7196,"7169,76"
queiroga2020/Capacity40/30/30J_s30_r10/4.dat,batchschedulingtotalweightedtardiness,queiroga2020,queiroga2020,7680,7680
queiroga2020/Capacity40/30/30J_s30_r10/5.dat,batchschedulingtotalweightedtardiness,queiroga2020,queiroga2020,10112,"10097,8"
queiroga2020/Capacity40/30/30J_s30_r40/1.dat,batchschedulingtotalweightedtardiness,queiroga2020,queiroga2020,4881,4881
queiroga2020/Capacity40/30/30J_s30_r40/2.dat,batchschedulingtotalweightedtardiness,queiroga2020,queiroga2020,4686,"4666,62"
queiroga2020/Capacity40/30/30J_s30_r40/3.dat,batchschedulingtotalweightedtardiness,queiroga2020,queiroga2020,3979,"3890,24"
queiroga2020/Capacity40/30/30J_s30_r40/4.dat,batchschedulingtotalweightedtardiness,queiroga2020,queiroga2020,6159,"6078,5"
queiroga2020/Capacity40/30/30J_s30_r40/5.dat,batchschedulingtotalweightedtardiness,queiroga2020,queiroga2020,5620,5620
queiroga2020/Capacity40/30/30J_s30_r80/1.dat,batchschedulingtotalweightedtardiness,queiroga2020,queiroga2020,2762,"2595,8"
queiroga2020/Capacity40/30/30J_s30_r80/2.dat,batchschedulingtotalweightedtardiness,queiroga2020,queiroga2020,2652,2652
queiroga2020/Capacity40/30/30J_s30_r80/3.dat,batchschedulingtotalweightedtardiness,queiroga2020,queiroga2020,1074,"1064,92"
queiroga2020/Capacity40/30/30J_s30_r80/4.dat,batchschedulingtotalweightedtardiness,queiroga2020,queiroga2020,1429,1429
queiroga2020/Capacity40/30/30J_s30_r80/5.dat,batchschedulingtotalweightedtardiness,queiroga2020,queiroga2020,2086,"2060,62"
queiroga2020/Capacity40/30/30J_s40_r10/1.dat,batchschedulingtotalweightedtardiness,queiroga2020,queiroga2020,7119,"7038,97"
queiroga2020/Capacity40/30/30J_s40_r10/2.dat,batchschedulingtotalweightedtardiness,queiroga2020,queiroga2020,5045,"4901,03"
queiroga2020/Capacity40/30/30J_s40_r10/3.dat,batchschedulingtotalweightedtardiness,queiroga2020,queiroga2020,6689,"6632,34"
queiroga2020/Capacity40/30/30J_s40_r10/4.dat,batchschedulingtotalweightedtardiness,queiroga2020,queiroga2020,5528,"5503,76"
queiroga2020/Capacity40/30/30J_s40_r10/5.dat,batchschedulingtotalweightedtardiness,queiroga2020,queiroga2020,4742,4715
queiroga2020/Capacity40/30/30J_s40_r40/1.dat,batchschedulingtotalweightedtardiness,queiroga2020,queiroga2020,4489,4489
queiroga2020/Capacity40/30/30J_s40_r40/2.dat,batchschedulingtotalweightedtardiness,queiroga2020,queiroga2020,4018,"3925,77"
queiroga2020/Capacity40/30/30J_s40_r40/3.dat,batchschedulingtotalweightedtardiness,queiroga2020,queiroga2020,10158,"10042,5"
queiroga2020/Capacity40/30/30J_s40_r40/4.dat,batchschedulingtotalweightedtardiness,queiroga2020,queiroga2020,5091,"5065,29"
queiroga2020/Capacity40/30/30J_s40_r40/5.dat,batchschedulingtotalweightedtardiness,queiroga2020,queiroga2020,6337,"6221,31"
queiroga2020/Capacity40/30/30J_s40_r80/1.dat,batchschedulingtotalweightedtardiness,queiroga2020,queiroga2020,2666,"2652,1"
queiroga2020/Capacity40/30/30J_s40_r80/2.dat,batchschedulingtotalweightedtardiness,queiroga2020,queiroga2020,1795,"1665,88"
queiroga2020/Capacity40/30/30J_s40_r80/3.dat,batchschedulingtotalweightedtardiness,queiroga2020,queiroga2020,1335,1271
queiroga2020/Capacity40/30/30J_s40_r80/4.dat,batchschedulingtotalweightedtardiness,queiroga2020,queiroga2020,2722,"2521,41"
queiroga2020/Capacity40/30/30J_s40_r80/5.dat,batchschedulingtotalweightedtardiness,queiroga2020,queiroga2020,2590,"2555,88"
queiroga2020/Capacity40/35/35J_s20_r10/1.dat,batchschedulingtotalweightedtardiness,queiroga2020,queiroga2020,3302,"3236,48"
queiroga2020/Capacity40/35/35J_s20_r10/2.dat,batchschedulingtotalweightedtardiness,queiroga2020,queiroga2020,4068,"3938,16"
queiroga2020/Capacity40/35/35J_s20_r10/3.dat,batchschedulingtotalweightedtardiness,queiroga2020,queiroga2020,5833,"5706,61"
queiroga2020/Capacity40/35/35J_s20_r10/4.dat,batchschedulingtotalweightedtardiness,queiroga2020,queiroga2020,3677,"3593,97"
queiroga2020/Capacity40/35/35J_s20_r10/5.dat,batchschedulingtotalweightedtardiness,queiroga2020,queiroga2020,4372,4351
queiroga2020/Capacity40/35/35J_s20_r40/1.dat,batchschedulingtotalweightedtardiness,queiroga2020,queiroga2020,2118,2118
queiroga2020/Capacity40/35/35J_s20_r40/2.dat,batchschedulingtotalweightedtardiness,queiroga2020,queiroga2020,3962,"3833,21"
queiroga2020/Capacity40/35/35J_s20_r40/3.dat,batchschedulingtotalweightedtardiness,queiroga2020,queiroga2020,2446,"2441,79"
queiroga2020/Capacity40/35/35J_s20_r40/4.dat,batchschedulingtotalweightedtardiness,queiroga2020,queiroga2020,1895,"1851,45"
queiroga2020/Capacity40/35/35J_s20_r40/5.dat,batchschedulingtotalweightedtardiness,queiroga2020,queiroga2020,3026,"3012,14"
queiroga2020/Capacity40/35/35J_s20_r80/1.dat,batchschedulingtotalweightedtardiness,queiroga2020,queiroga2020,2558,"2413,1"
queiroga2020/Capacity40/35/35J_s20_r80/2.dat,batchschedulingtotalweightedtardiness,queiroga2020,queiroga2020,1832,"1814,04"
queiroga2020/Capacity40/35/35J_s20_r80/3.dat,batchschedulingtotalweightedtardiness,queiroga2020,queiroga2020,2094,"2035,76"
queiroga2020/Capacity40/35/35J_s20_r80/4.dat,batchschedulingtotalweightedtardiness,queiroga2020,queiroga2020,1383,1383
queiroga2020/Capacity40/35/35J_s20_r80/5.dat,batchschedulingtotalweightedtardiness,queiroga2020,queiroga2020,2443,"2430,18"
queiroga2020/Capacity40/35/35J_s30_r10/1.dat,batchschedulingtotalweightedtardiness,queiroga2020,queiroga2020,7434,"7432,25"
queiroga2020/Capacity40/35/35J_s30_r10/2.dat,batchschedulingtotalweightedtardiness,queiroga2020,queiroga2020,6973,"6864,34"
queiroga2020/Capacity40/35/35J_s30_r10/3.dat,batchschedulingtotalweightedtardiness,queiroga2020,queiroga2020,7499,"7443,55"
queiroga2020/Capacity40/35/35J_s30_r10/4.dat,batchschedulingtotalweightedtardiness,queiroga2020,queiroga2020,14655,"14458,45"
queiroga2020/Capacity40/35/35J_s30_r10/5.dat,batchschedulingtotalweightedtardiness,queiroga2020,queiroga2020,11946,"11870,34"
queiroga2020/Capacity40/35/35J_s30_r40/1.dat,batchschedulingtotalweightedtardiness,queiroga2020,queiroga2020,9243,"9108,26"
queiroga2020/Capacity40/35/35J_s30_r40/2.dat,batchschedulingtotalweightedtardiness,queiroga2020,queiroga2020,5725,"5405,36"
queiroga2020/Capacity40/35/35J_s30_r40/3.dat,batchschedulingtotalweightedtardiness,queiroga2020,queiroga2020,5616,5616
queiroga2020/Capacity40/35/35J_s30_r40/4.dat,batchschedulingtotalweightedtardiness,queiroga2020,queiroga2020,9224,"8968,19"
queiroga2020/Capacity40/35/35J_s30_r40/5.dat,batchschedulingtotalweightedtardiness,queiroga2020,queiroga2020,6388,"5901,34"
queiroga2020/Capacity40/35/35J_s30_r80/1.dat,batchschedulingtotalweightedtardiness,queiroga2020,queiroga2020,2351,"2322,93"
queiroga2020/Capacity40/35/35J_s30_r80/2.dat,batchschedulingtotalweightedtardiness,queiroga2020,queiroga2020,2465,"2409,15"
queiroga2020/Capacity40/35/35J_s30_r80/3.dat,batchschedulingtotalweightedtardiness,queiroga2020,queiroga2020,3197,"2990,33"
queiroga2020/Capacity40/35/35J_s30_r80/4.dat,batchschedulingtotalweightedtardiness,queiroga2020,queiroga2020,1485,"1475,88"
queiroga2020/Capacity40/35/35J_s30_r80/5.dat,batchschedulingtotalweightedtardiness,queiroga2020,queiroga2020,4958,"4903,3"
queiroga2020/Capacity40/35/35J_s40_r10/1.dat,batchschedulingtotalweightedtardiness,queiroga2020,queiroga2020,10440,10440
queiroga2020/Capacity40/35/35J_s40_r10/2.dat,batchschedulingtotalweightedtardiness,queiroga2020,queiroga2020,12643,"12627,42"
queiroga2020/Capacity40/35/35J_s40_r10/3.dat,batchschedulingtotalweightedtardiness,queiroga2020,queiroga2020,13146,"12897,52"
queiroga2020/Capacity40/35/35J_s40_r10/4.dat,batchschedulingtotalweightedtardiness,queiroga2020,queiroga2020,9661,"9444,74"
queiroga2020/Capacity40/35/35J_s40_r10/5.dat,batchschedulingtotalweightedtardiness,queiroga2020,queiroga2020,7792,7792
queiroga2020/Capacity40/35/35J_s40_r40/1.dat,batchschedulingtotalweightedtardiness,queiroga2020,queiroga2020,5488,"5468,24"
queiroga2020/Capacity40/35/35J_s40_r40/2.dat,batchschedulingtotalweightedtardiness,queiroga2020,queiroga2020,5681,"5633,46"
queiroga2020/Capacity40/35/35J_s40_r40/3.dat,batchschedulingtotalweightedtardiness,queiroga2020,queiroga2020,7566,"7376,22"
queiroga2020/Capacity40/35/35J_s40_r40/4.dat,batchschedulingtotalweightedtardiness,queiroga2020,queiroga2020,2675,"2639,94"
queiroga2020/Capacity40/35/35J_s40_r40/5.dat,batchschedulingtotalweightedtardiness,queiroga2020,queiroga2020,5295,"5117,39"
queiroga2020/Capacity40/35/35J_s40_r80/1.dat,batchschedulingtotalweightedtardiness,queiroga2020,queiroga2020,2265,"2247,71"
queiroga2020/Capacity40/35/35J_s40_r80/2.dat,batchschedulingtotalweightedtardiness,queiroga2020,queiroga2020,3663,"3597,15"
queiroga2020/Capacity40/35/35J_s40_r80/3.dat,batchschedulingtotalweightedtardiness,queiroga2020,queiroga2020,2205,2205
queiroga2020/Capacity40/35/35J_s40_r80/4.dat,batchschedulingtotalweightedtardiness,queiroga2020,queiroga2020,6399,"6301,65"
queiroga2020/Capacity40/35/35J_s40_r80/5.dat,batchschedulingtotalweightedtardiness,queiroga2020,queiroga2020,5349,"5328,67"
queiroga2020/Capacity40/50/50J_s20_r10/1.dat,batchschedulingtotalweightedtardiness,queiroga2020,queiroga2020,14525,"14410,94"
queiroga2020/Capacity40/50/50J_s20_r10/2.dat,batchschedulingtotalweightedtardiness,queiroga2020,queiroga2020,8499,"8280,14"
queiroga2020/Capacity40/50/50J_s20_r10/3.dat,batchschedulingtotalweightedtardiness,queiroga2020,queiroga2020,8710,"8698,47"
queiroga2020/Capacity40/50/50J_s20_r10/4.dat,batchschedulingtotalweightedtardiness,queiroga2020,queiroga2020,10784,"10395,25"
queiroga2020/Capacity40/50/50J_s20_r10/5.dat,batchschedulingtotalweightedtardiness,queiroga2020,queiroga2020,11329,"11059,75"
queiroga2020/Capacity40/50/50J_s20_r40/1.dat,batchschedulingtotalweightedtardiness,queiroga2020,queiroga2020,10484,"10446,85"
queiroga2020/Capacity40/50/50J_s20_r40/2.dat,batchschedulingtotalweightedtardiness,queiroga2020,queiroga2020,10853,"10578,43"
queiroga2020/Capacity40/50/50J_s20_r40/3.dat,batchschedulingtotalweightedtardiness,queiroga2020,queiroga2020,5419,"5071,9"
queiroga2020/Capacity40/50/50J_s20_r40/4.dat,batchschedulingtotalweightedtardiness,queiroga2020,queiroga2020,11180,"11135,62"
queiroga2020/Capacity40/50/50J_s20_r40/5.dat,batchschedulingtotalweightedtardiness,queiroga2020,queiroga2020,10448,"10290,48"
queiroga2020/Capacity40/50/50J_s20_r80/1.dat,batchschedulingtotalweightedtardiness,queiroga2020,queiroga2020,6025,"5833,38"
queiroga2020/Capacity40/50/50J_s20_r80/2.dat,batchschedulingtotalweightedtardiness,queiroga2020,queiroga2020,2451,"2400,82"
queiroga2020/Capacity40/50/50J_s20_r80/3.dat,batchschedulingtotalweightedtardiness,queiroga2020,queiroga2020,4324,"4281,56"
queiroga2020/Capacity40/50/50J_s20_r80/4.dat,batchschedulingtotalweightedtardiness,queiroga2020,queiroga2020,3452,"3250,95"
queiroga2020/Capacity40/50/50J_s20_r80/5.dat,batchschedulingtotalweightedtardiness,queiroga2020,queiroga2020,5837,"5609,98"
queiroga2020/Capacity40/50/50J_s30_r10/1.dat,batchschedulingtotalweightedtardiness,queiroga2020,queiroga2020,14692,"14605,43"
queiroga2020/Capacity40/50/50J_s30_r10/2.dat,batchschedulingtotalweightedtardiness,queiroga2020,queiroga2020,18287,"18192,93"
queiroga2020/Capacity40/50/50J_s30_r10/3.dat,batchschedulingtotalweightedtardiness,queiroga2020,queiroga2020,20903,"20605,27"
queiroga2020/Capacity40/50/50J_s30_r10/4.dat,batchschedulingtotalweightedtardiness,queiroga2020,queiroga2020,23093,"22971,6"
queiroga2020/Capacity40/50/50J_s30_r10/5.dat,batchschedulingtotalweightedtardiness,queiroga2020,queiroga2020,24165,"24063,57"
queiroga2020/Capacity40/50/50J_s30_r40/1.dat,batchschedulingtotalweightedtardiness,queiroga2020,queiroga2020,20931,"20666,7"
queiroga2020/Capacity40/50/50J_s30_r40/2.dat,batchschedulingtotalweightedtardiness,queiroga2020,queiroga2020,12524,"12297,78"
queiroga2020/Capacity40/50/50J_s30_r40/3.dat,batchschedulingtotalweightedtardiness,queiroga2020,queiroga2020,9284,"9019,91"
queiroga2020/Capacity40/50/50J_s30_r40/4.dat,batchschedulingtotalweightedtardiness,queiroga2020,queiroga2020,11326,"11306,79"
queiroga2020/Capacity40/50/50J_s30_r40/5.dat,batchschedulingtotalweightedtardiness,queiroga2020,queiroga2020,18501,"18352,25"
queiroga2020/Capacity40/50/50J_s30_r80/1.dat,batchschedulingtotalweightedtardiness,queiroga2020,queiroga2020,5097,"5021,03"
queiroga2020/Capacity40/50/50J_s30_r80/2.dat,batchschedulingtotalweightedtardiness,queiroga2020,queiroga2020,6262,"6135,38"
queiroga2020/Capacity40/50/50J_s30_r80/3.dat,batchschedulingtotalweightedtardiness,queiroga2020,queiroga2020,5296,"4994,12"
queiroga2020/Capacity40/50/50J_s30_r80/4.dat,batchschedulingtotalweightedtardiness,queiroga2020,queiroga2020,6246,"6021,53"
queiroga2020/Capacity40/50/50J_s30_r80/5.dat,batchschedulingtotalweightedtardiness,queiroga2020,queiroga2020,7175,"7116,81"
queiroga2020/Capacity40/50/50J_s40_r10/1.dat,batchschedulingtotalweightedtardiness,queiroga2020,queiroga2020,18019,"17911,03"
queiroga2020/Capacity40/50/50J_s40_r10/2.dat,batchschedulingtotalweightedtardiness,queiroga2020,queiroga2020,22535,"22211,55"
queiroga2020/Capacity40/50/50J_s40_r10/3.dat,batchschedulingtotalweightedtardiness,queiroga2020,queiroga2020,24433,24433
queiroga2020/Capacity40/50/50J_s40_r10/4.dat,batchschedulingtotalweightedtardiness,queiroga2020,queiroga2020,20449,"20237,79"
queiroga2020/Capacity40/50/50J_s40_r10/5.dat,batchschedulingtotalweightedtardiness,queiroga2020,queiroga2020,13390,"13226,42"
queiroga2020/Capacity40/50/50J_s40_r40/1.dat,batchschedulingtotalweightedtardiness,queiroga2020,queiroga2020,14382,"14109,55"
queiroga2020/Capacity40/50/50J_s40_r40/2.dat,batchschedulingtotalweightedtardiness,queiroga2020,queiroga2020,10542,"10387,36"
queiroga2020/Capacity40/50/50J_s40_r40/3.dat,batchschedulingtotalweightedtardiness,queiroga2020,queiroga2020,11870,11870
queiroga2020/Capacity40/50/50J_s40_r40/4.dat,batchschedulingtotalweightedtardiness,queiroga2020,queiroga2020,16458,"16124,11"
queiroga2020/Capacity40/50/50J_s40_r40/5.dat,batchschedulingtotalweightedtardiness,queiroga2020,queiroga2020,11467,"11259,84"
queiroga2020/Capacity40/50/50J_s40_r80/1.dat,batchschedulingtotalweightedtardiness,queiroga2020,queiroga2020,5916,"5423,22"
queiroga2020/Capacity40/50/50J_s40_r80/2.dat,batchschedulingtotalweightedtardiness,queiroga2020,queiroga2020,6301,"5961,71"
queiroga2020/Capacity40/50/50J_s40_r80/3.dat,batchschedulingtotalweightedtardiness,queiroga2020,queiroga2020,2645,"2179,73"
queiroga2020/Capacity40/50/50J_s40_r80/4.dat,batchschedulingtotalweightedtardiness,queiroga2020,queiroga2020,6027,"5862,69"
queiroga2020/Capacity40/50/50J_s40_r80/5.dat,batchschedulingtotalweightedtardiness,queiroga2020,queiroga2020,4096,"3660,05"
queiroga2020/Capacity40/75/75J_s20_r10/1.dat,batchschedulingtotalweightedtardiness,queiroga2020,queiroga2020,30452,"30049,34"
queiroga2020/Capacity40/75/75J_s20_r10/2.dat,batchschedulingtotalweightedtardiness,queiroga2020,queiroga2020,33418,"32982,9"
queiroga2020/Capacity40/75/75J_s20_r10/3.dat,batchschedulingtotalweightedtardiness,queiroga2020,queiroga2020,30826,"30418,73"
queiroga2020/Capacity40/75/75J_s20_r10/4.dat,batchschedulingtotalweightedtardiness,queiroga2020,queiroga2020,29019,"28324,26"
queiroga2020/Capacity40/75/75J_s20_r10/5.dat,batchschedulingtotalweightedtardiness,queiroga2020,queiroga2020,28042,"27558,8"
queiroga2020/Capacity40/75/75J_s20_r40/1.dat,batchschedulingtotalweightedtardiness,queiroga2020,queiroga2020,26251,"25842,55"
queiroga2020/Capacity40/75/75J_s20_r40/2.dat,batchschedulingtotalweightedtardiness,queiroga2020,queiroga2020,13642,"13302,13"
queiroga2020/Capacity40/75/75J_s20_r40/3.dat,batchschedulingtotalweightedtardiness,queiroga2020,queiroga2020,16587,"15969,72"
queiroga2020/Capacity40/75/75J_s20_r40/4.dat,batchschedulingtotalweightedtardiness,queiroga2020,queiroga2020,11155,"10556,54"
queiroga2020/Capacity40/75/75J_s20_r40/5.dat,batchschedulingtotalweightedtardiness,queiroga2020,queiroga2020,15472,"14900,19"
queiroga2020/Capacity40/75/75J_s20_r80/1.dat,batchschedulingtotalweightedtardiness,queiroga2020,queiroga2020,7691,"7369,94"
queiroga2020/Capacity40/75/75J_s20_r80/2.dat,batchschedulingtotalweightedtardiness,queiroga2020,queiroga2020,7597,"7263,16"
queiroga2020/Capacity40/75/75J_s20_r80/3.dat,batchschedulingtotalweightedtardiness,queiroga2020,queiroga2020,6976,"6421,98"
queiroga2020/Capacity40/75/75J_s20_r80/4.dat,batchschedulingtotalweightedtardiness,queiroga2020,queiroga2020,6183,"5801,39"
queiroga2020/Capacity40/75/75J_s20_r80/5.dat,batchschedulingtotalweightedtardiness,queiroga2020,queiroga2020,9855,"9733,85"
queiroga2020/Capacity40/75/75J_s30_r10/1.dat,batchschedulingtotalweightedtardiness,queiroga2020,queiroga2020,40225,"40135,43"
queiroga2020/Capacity40/75/75J_s30_r10/2.dat,batchschedulingtotalweightedtardiness,queiroga2020,queiroga2020,48177,"47976,01"
queiroga2020/Capacity40/75/75J_s30_r10/3.dat,batchschedulingtotalweightedtardiness,queiroga2020,queiroga2020,41390,"41313,83"
queiroga2020/Capacity40/75/75J_s30_r10/4.dat,batchschedulingtotalweightedtardiness,queiroga2020,queiroga2020,52217,"52103,01"
queiroga2020/Capacity40/75/75J_s30_r10/5.dat,batchschedulingtotalweightedtardiness,queiroga2020,queiroga2020,46605,"46359,91"
queiroga2020/Capacity40/75/75J_s30_r40/1.dat,batchschedulingtotalweightedtardiness,queiroga2020,queiroga2020,25676,"25362,66"
queiroga2020/Capacity40/75/75J_s30_r40/2.dat,batchschedulingtotalweightedtardiness,queiroga2020,queiroga2020,34457,"34122,89"
queiroga2020/Capacity40/75/75J_s30_r40/3.dat,batchschedulingtotalweightedtardiness,queiroga2020,queiroga2020,36416,"36176,96"
queiroga2020/Capacity40/75/75J_s30_r40/4.dat,batchschedulingtotalweightedtardiness,queiroga2020,queiroga2020,23501,"23283,05"
queiroga2020/Capacity40/75/75J_s30_r40/5.dat,batchschedulingtotalweightedtardiness,queiroga2020,queiroga2020,24088,"23799,69"
queiroga2020/Capacity40/75/75J_s30_r80/1.dat,batchschedulingtotalweightedtardiness,queiroga2020,queiroga2020,6095,"5770,82"
queiroga2020/Capacity40/75/75J_s30_r80/2.dat,batchschedulingtotalweightedtardiness,queiroga2020,queiroga2020,10353,"9883,89"
queiroga2020/Capacity40/75/75J_s30_r80/3.dat,batchschedulingtotalweightedtardiness,queiroga2020,queiroga2020,14182,"13389,65"
queiroga2020/Capacity40/75/75J_s30_r80/4.dat,batchschedulingtotalweightedtardiness,queiroga2020,queiroga2020,18867,"18595,65"
queiroga2020/Capacity40/75/75J_s30_r80/5.dat,batchschedulingtotalweightedtardiness,queiroga2020,queiroga2020,15556,"15438,88"
queiroga2020/Capacity40/75/75J_s40_r10/1.dat,batchschedulingtotalweightedtardiness,queiroga2020,queiroga2020,41511,"41112,83"
queiroga2020/Capacity40/75/75J_s40_r10/2.dat,batchschedulingtotalweightedtardiness,queiroga2020,queiroga2020,57877,"57219,47"
queiroga2020/Capacity40/75/75J_s40_r10/3.dat,batchschedulingtotalweightedtardiness,queiroga2020,queiroga2020,44538,"44119,15"
queiroga2020/Capacity40/75/75J_s40_r10/4.dat,batchschedulingtotalweightedtardiness,queiroga2020,queiroga2020,46482,"46232,29"
queiroga2020/Capacity40/75/75J_s40_r10/5.dat,batchschedulingtotalweightedtardiness,queiroga2020,queiroga2020,41273,"41084,99"
queiroga2020/Capacity40/75/75J_s40_r40/1.dat,batchschedulingtotalweightedtardiness,queiroga2020,queiroga2020,26625,"26349,07"
queiroga2020/Capacity40/75/75J_s40_r40/2.dat,batchschedulingtotalweightedtardiness,queiroga2020,queiroga2020,23717,"23281,04"
queiroga2020/Capacity40/75/75J_s40_r40/3.dat,batchschedulingtotalweightedtardiness,queiroga2020,queiroga2020,33489,"33268,86"
queiroga2020/Capacity40/75/75J_s40_r40/4.dat,batchschedulingtotalweightedtardiness,queiroga2020,queiroga2020,21125,"20524,87"
queiroga2020/Capacity40/75/75J_s40_r40/5.dat,batchschedulingtotalweightedtardiness,queiroga2020,queiroga2020,31536,"31221,03"
queiroga2020/Capacity40/75/75J_s40_r80/1.dat,batchschedulingtotalweightedtardiness,queiroga2020,queiroga2020,11465,"11043,59"
queiroga2020/Capacity40/75/75J_s40_r80/2.dat,batchschedulingtotalweightedtardiness,queiroga2020,queiroga2020,12999,"12616,98"
queiroga2020/Capacity40/75/75J_s40_r80/3.dat,batchschedulingtotalweightedtardiness,queiroga2020,queiroga2020,13076,"12640,6"
queiroga2020/Capacity40/75/75J_s40_r80/4.dat,batchschedulingtotalweightedtardiness,queiroga2020,queiroga2020,12404,"11739,87"
queiroga2020/Capacity40/75/75J_s40_r80/5.dat,batchschedulingtotalweightedtardiness,queiroga2020,queiroga2020,7379,"7154,89"
queiroga2020/Capacity40/100/100J_s20_r10/1.dat,batchschedulingtotalweightedtardiness,queiroga2020,queiroga2020,45829,"77,99"
queiroga2020/Capacity40/100/100J_s20_r10/2.dat,batchschedulingtotalweightedtardiness,queiroga2020,queiroga2020,57067,"170,28"
queiroga2020/Capacity40/100/100J_s20_r10/3.dat,batchschedulingtotalweightedtardiness,queiroga2020,queiroga2020,45820,"610,74"
queiroga2020/Capacity40/100/100J_s20_r10/4.dat,batchschedulingtotalweightedtardiness,queiroga2020,queiroga2020,38738,"38205,44"
queiroga2020/Capacity40/100/100J_s20_r10/5.dat,batchschedulingtotalweightedtardiness,queiroga2020,queiroga2020,59385,"626,15"
queiroga2020/Capacity40/100/100J_s20_r40/1.dat,batchschedulingtotalweightedtardiness,queiroga2020,queiroga2020,42175,"126,44"
queiroga2020/Capacity40/100/100J_s20_r40/2.dat,batchschedulingtotalweightedtardiness,queiroga2020,queiroga2020,37093,"235,41"
queiroga2020/Capacity40/100/100J_s20_r40/3.dat,batchschedulingtotalweightedtardiness,queiroga2020,queiroga2020,34370,"217,98"
queiroga2020/Capacity40/100/100J_s20_r40/4.dat,batchschedulingtotalweightedtardiness,queiroga2020,queiroga2020,28676,"56,42"
queiroga2020/Capacity40/100/100J_s20_r40/5.dat,batchschedulingtotalweightedtardiness,queiroga2020,queiroga2020,33820,"216,06"
queiroga2020/Capacity40/100/100J_s20_r80/1.dat,batchschedulingtotalweightedtardiness,queiroga2020,queiroga2020,19512,"440,28"
queiroga2020/Capacity40/100/100J_s20_r80/2.dat,batchschedulingtotalweightedtardiness,queiroga2020,queiroga2020,15601,"300,4"
queiroga2020/Capacity40/100/100J_s20_r80/3.dat,batchschedulingtotalweightedtardiness,queiroga2020,queiroga2020,17242,"276,54"
queiroga2020/Capacity40/100/100J_s20_r80/4.dat,batchschedulingtotalweightedtardiness,queiroga2020,queiroga2020,10827,"420,95"
queiroga2020/Capacity40/100/100J_s20_r80/5.dat,batchschedulingtotalweightedtardiness,queiroga2020,queiroga2020,14112,"254,2"
queiroga2020/Capacity40/100/100J_s30_r10/1.dat,batchschedulingtotalweightedtardiness,queiroga2020,queiroga2020,96013,"95694,62"
queiroga2020/Capacity40/100/100J_s30_r10/2.dat,batchschedulingtotalweightedtardiness,queiroga2020,queiroga2020,80883,"80696,38"
queiroga2020/Capacity40/100/100J_s30_r10/3.dat,batchschedulingtotalweightedtardiness,queiroga2020,queiroga2020,86275,"85853,45"
queiroga2020/Capacity40/100/100J_s30_r10/4.dat,batchschedulingtotalweightedtardiness,queiroga2020,queiroga2020,85089,"84622,12"
queiroga2020/Capacity40/100/100J_s30_r10/5.dat,batchschedulingtotalweightedtardiness,queiroga2020,queiroga2020,95961,"95385,83"
queiroga2020/Capacity40/100/100J_s30_r40/1.dat,batchschedulingtotalweightedtardiness,queiroga2020,queiroga2020,61698,"61353,79"
queiroga2020/Capacity40/100/100J_s30_r40/2.dat,batchschedulingtotalweightedtardiness,queiroga2020,queiroga2020,53968,"53238,81"
queiroga2020/Capacity40/100/100J_s30_r40/3.dat,batchschedulingtotalweightedtardiness,queiroga2020,queiroga2020,48431,"47573,43"
queiroga2020/Capacity40/100/100J_s30_r40/4.dat,batchschedulingtotalweightedtardiness,queiroga2020,queiroga2020,56829,"56602,82"
queiroga2020/Capacity40/100/100J_s30_r40/5.dat,batchschedulingtotalweightedtardiness,queiroga2020,queiroga2020,46914,"45414,25"
queiroga2020/Capacity40/100/100J_s30_r80/1.dat,batchschedulingtotalweightedtardiness,queiroga2020,queiroga2020,29549,"28481,9"
queiroga2020/Capacity40/100/100J_s30_r80/2.dat,batchschedulingtotalweightedtardiness,queiroga2020,queiroga2020,15511,"14364,25"
queiroga2020/Capacity40/100/100J_s30_r80/3.dat,batchschedulingtotalweightedtardiness,queiroga2020,queiroga2020,31579,"30386,06"
queiroga2020/Capacity40/100/100J_s30_r80/4.dat,batchschedulingtotalweightedtardiness,queiroga2020,queiroga2020,10339,"9202,3"
queiroga2020/Capacity40/100/100J_s30_r80/5.dat,batchschedulingtotalweightedtardiness,queiroga2020,queiroga2020,19147,"18256,67"
queiroga2020/Capacity40/100/100J_s40_r10/1.dat,batchschedulingtotalweightedtardiness,queiroga2020,queiroga2020,90452,"89822,18"
queiroga2020/Capacity40/100/100J_s40_r10/2.dat,batchschedulingtotalweightedtardiness,queiroga2020,queiroga2020,60377,"59880,09"
queiroga2020/Capacity40/100/100J_s40_r10/3.dat,batchschedulingtotalweightedtardiness,queiroga2020,queiroga2020,87341,"86484,81"
queiroga2020/Capacity40/100/100J_s40_r10/4.dat,batchschedulingtotalweightedtardiness,queiroga2020,queiroga2020,75426,"74908,15"
queiroga2020/Capacity40/100/100J_s40_r10/5.dat,batchschedulingtotalweightedtardiness,queiroga2020,queiroga2020,69084,"68383,69"
queiroga2020/Capacity40/100/100J_s40_r40/1.dat,batchschedulingtotalweightedtardiness,queiroga2020,queiroga2020,27559,"26097,73"
queiroga2020/Capacity40/100/100J_s40_r40/2.dat,batchschedulingtotalweightedtardiness,queiroga2020,queiroga2020,50868,"49530,86"
queiroga2020/Capacity40/100/100J_s40_r40/3.dat,batchschedulingtotalweightedtardiness,queiroga2020,queiroga2020,38922,"1114,98"
queiroga2020/Capacity40/100/100J_s40_r40/4.dat,batchschedulingtotalweightedtardiness,queiroga2020,queiroga2020,41436,"552,6"
queiroga2020/Capacity40/100/100J_s40_r40/5.dat,batchschedulingtotalweightedtardiness,queiroga2020,queiroga2020,43238,"599,01"
queiroga2020/Capacity40/100/100J_s40_r80/1.dat,batchschedulingtotalweightedtardiness,queiroga2020,queiroga2020,17952,"600,07"
queiroga2020/Capacity40/100/100J_s40_r80/2.dat,batchschedulingtotalweightedtardiness,queiroga2020,queiroga2020,16724,"15518,21"
queiroga2020/Capacity40/100/100J_s40_r80/3.dat,batchschedulingtotalweightedtardiness,queiroga2020,queiroga2020,24364,"1137,03"
queiroga2020/Capacity40/100/100J_s40_r80/4.dat,batchschedulingtotalweightedtardiness,queiroga2020,queiroga2020,4169,"363,94"
queiroga2020/Capacity40/100/100J_s40_r80/5.dat,batchschedulingtotalweightedtardiness,queiroga2020,queiroga2020,16197,"575,1"
